order_item_id,order_id,item_id,quantity,sweetness_level,ice_level
1,1,3,1,75%,light ice
2,1,16,1,,
3,1,15,1,,
4,1,10,2,75%,light ice
5,1,14,2,,
6,1,20,2,,
7,1,17,2,,
8,2,6,1,120%,extra ice
9,2,19,1,,
10,2,17,1,,
11,2,18,1,,
12,3,2,1,0%,no ice
13,3,15,1,,
14,3,17,1,,
15,3,6,1,100%,no ice
16,3,18,1,,
17,3,20,1,,
18,4,5,1,75%,regular ice
19,4,10,1,25%,regular ice
20,4,16,1,,
21,4,17,1,,
22,4,15,1,,
23,5,6,1,120%,extra ice
24,5,14,1,,
25,5,16,1,,
26,6,3,2,75%,regular ice
27,6,16,2,,
28,6,20,2,,
29,6,18,2,,
30,7,9,1,50%,extra ice
31,7,19,1,,
32,7,17,1,,
33,7,3,1,100%,extra ice
34,7,15,1,,
35,8,4,2,25%,no ice
36,8,15,2,,
37,8,19,2,,
38,9,7,1,0%,extra ice
39,9,16,1,,
40,9,19,1,,
41,9,18,1,,
42,9,8,1,75%,extra ice
43,9,14,1,,
44,10,2,1,25%,regular ice
45,10,19,1,,
46,10,9,1,50%,light ice
47,10,17,1,,
48,11,4,2,75%,no ice
49,12,11,2,120%,no ice
50,12,18,2,,
51,12,14,2,,
52,12,6,1,25%,no ice
53,12,20,1,,
54,12,19,1,,
55,12,17,1,,
56,13,11,2,50%,no ice
57,13,11,2,100%,extra ice
58,13,15,2,,
59,14,11,1,50%,regular ice
60,15,10,2,75%,no ice
61,15,15,2,,
62,15,20,2,,
63,15,7,1,0%,no ice
64,15,17,1,,
65,15,7,1,50%,light ice
66,15,17,1,,
67,15,20,1,,
68,16,5,2,120%,light ice
69,16,6,2,100%,light ice
70,16,17,2,,
71,16,20,2,,
72,16,16,2,,
73,16,10,1,100%,extra ice
74,16,20,1,,
75,16,16,1,,
76,16,18,1,,
77,17,7,1,120%,extra ice
78,18,6,1,75%,light ice
79,18,18,1,,
80,18,19,1,,
81,18,20,1,,
82,18,2,2,50%,extra ice
83,18,8,1,50%,light ice
84,18,20,1,,
85,18,15,1,,
86,19,7,1,50%,no ice
87,19,9,2,0%,extra ice
88,19,8,2,120%,regular ice
89,19,18,2,,
90,19,14,2,,
91,20,1,1,0%,extra ice
92,20,20,1,,
93,20,7,2,0%,no ice
94,20,16,2,,
95,20,18,2,,
96,20,12,2,75%,extra ice
97,20,20,2,,
98,20,15,2,,
99,21,3,1,0%,regular ice
100,21,18,1,,
101,21,14,1,,
102,21,19,1,,
103,22,2,2,0%,light ice
104,22,19,2,,
105,22,17,2,,
106,22,18,2,,
107,22,12,2,75%,regular ice
108,22,20,2,,
109,22,16,2,,
110,22,14,2,,
111,23,3,1,0%,light ice
112,24,4,2,0%,light ice
113,24,19,2,,
114,24,4,1,75%,light ice
115,24,20,1,,
116,24,17,1,,
117,24,3,1,75%,extra ice
118,25,3,2,120%,extra ice
119,25,14,2,,
120,25,17,2,,
121,25,18,2,,
122,26,4,1,50%,extra ice
123,26,14,1,,
124,26,20,1,,
125,27,12,2,75%,extra ice
126,27,14,2,,
127,27,17,2,,
128,27,7,1,75%,extra ice
129,27,9,2,0%,extra ice
130,28,11,1,75%,extra ice
131,28,18,1,,
132,28,19,1,,
133,28,16,1,,
134,28,8,1,120%,extra ice
135,28,16,1,,
136,29,4,2,75%,regular ice
137,29,18,2,,
138,29,4,2,100%,regular ice
139,29,16,2,,
140,29,12,2,120%,extra ice
141,29,20,2,,
142,29,17,2,,
143,30,10,1,25%,regular ice
144,30,15,1,,
145,30,20,1,,
146,30,19,1,,
147,31,10,2,75%,no ice
148,31,16,2,,
149,31,15,2,,
150,31,19,2,,
151,32,1,2,0%,regular ice
152,32,19,2,,
153,32,15,2,,
154,32,3,1,100%,no ice
155,32,17,1,,
156,32,14,1,,
157,32,10,1,25%,no ice
158,32,16,1,,
159,32,20,1,,
160,32,19,1,,
161,33,9,1,50%,light ice
162,34,8,1,0%,no ice
163,34,9,1,0%,light ice
164,34,16,1,,
165,35,12,2,50%,extra ice
166,36,11,1,50%,regular ice
167,37,8,1,75%,no ice
168,37,16,1,,
169,37,20,1,,
170,37,18,1,,
171,38,2,2,50%,regular ice
172,38,19,2,,
173,38,20,2,,
174,39,3,1,100%,extra ice
175,39,20,1,,
176,40,7,2,75%,extra ice
177,40,8,1,25%,no ice
178,41,6,2,75%,light ice
179,41,7,1,0%,light ice
180,41,17,1,,
181,41,20,1,,
182,42,12,2,100%,regular ice
183,42,14,2,,
184,42,16,2,,
185,42,9,2,100%,light ice
186,42,19,2,,
187,42,15,2,,
188,42,18,2,,
189,42,10,2,100%,extra ice
190,42,20,2,,
191,42,15,2,,
192,42,16,2,,
193,43,1,2,100%,regular ice
194,43,18,2,,
195,44,5,2,25%,no ice
196,44,20,2,,
197,44,19,2,,
198,44,3,2,0%,no ice
199,44,20,2,,
200,44,5,1,120%,extra ice
201,45,5,1,120%,regular ice
202,45,11,2,0%,extra ice
203,46,6,2,25%,light ice
204,46,16,2,,
205,46,19,2,,
206,46,12,2,100%,light ice
207,46,14,2,,
208,47,9,2,100%,light ice
209,47,14,2,,
210,47,15,2,,
211,47,17,2,,
212,47,7,1,0%,no ice
213,47,15,1,,
214,47,17,1,,
215,47,20,1,,
216,48,2,2,50%,extra ice
217,48,18,2,,
218,48,17,2,,
219,48,11,2,75%,extra ice
220,48,20,2,,
221,48,15,2,,
222,48,19,2,,
223,49,3,1,75%,extra ice
224,49,12,2,25%,extra ice
225,49,12,1,25%,regular ice
226,49,14,1,,
227,49,20,1,,
228,49,16,1,,
229,50,5,1,0%,light ice
230,50,16,1,,
231,50,20,1,,
232,50,5,1,50%,extra ice
233,50,15,1,,
234,50,10,2,75%,no ice
235,50,15,2,,
236,50,20,2,,
237,51,8,2,0%,no ice
238,51,1,2,75%,extra ice
239,51,16,2,,
240,51,17,2,,
241,51,19,2,,
242,51,12,1,100%,light ice
243,51,20,1,,
244,51,17,1,,
245,51,19,1,,
246,52,12,2,50%,no ice
247,52,15,2,,
248,52,17,2,,
249,52,16,2,,
250,53,1,2,120%,extra ice
251,53,3,2,120%,no ice
252,53,11,1,100%,no ice
253,54,9,1,25%,extra ice
254,54,11,1,100%,light ice
255,54,20,1,,
256,54,15,1,,
257,54,4,1,120%,extra ice
258,54,17,1,,
259,54,18,1,,
260,55,8,2,0%,regular ice
261,55,17,2,,
262,56,9,2,50%,extra ice
263,57,2,2,100%,light ice
264,57,15,2,,
265,58,2,2,25%,regular ice
266,58,14,2,,
267,58,10,1,50%,light ice
268,59,7,1,0%,regular ice
269,59,16,1,,
270,59,20,1,,
271,59,17,1,,
272,59,2,1,0%,light ice
273,59,17,1,,
274,60,9,2,75%,no ice
275,60,6,1,75%,extra ice
276,60,14,1,,
277,60,17,1,,
278,60,15,1,,
279,60,1,1,50%,no ice
280,60,16,1,,
281,61,7,1,75%,no ice
282,61,16,1,,
283,61,9,2,25%,light ice
284,61,14,2,,
285,61,20,2,,
286,61,17,2,,
287,61,10,1,50%,light ice
288,62,5,2,100%,regular ice
289,62,20,2,,
290,62,19,2,,
291,62,4,1,100%,regular ice
292,62,19,1,,
293,63,10,1,0%,regular ice
294,63,19,1,,
295,63,14,1,,
296,63,15,1,,
297,63,12,2,100%,regular ice
298,63,18,2,,
299,63,9,2,50%,regular ice
300,63,16,2,,
301,63,15,2,,
302,63,20,2,,
303,64,4,1,75%,regular ice
304,64,19,1,,
305,64,1,1,100%,extra ice
306,65,3,2,75%,extra ice
307,65,11,1,120%,no ice
308,65,19,1,,
309,65,14,1,,
310,65,16,1,,
311,65,7,2,100%,regular ice
312,65,20,2,,
313,66,1,2,0%,extra ice
314,66,17,2,,
315,66,1,2,25%,no ice
316,66,15,2,,
317,66,14,2,,
318,66,10,1,120%,regular ice
319,66,17,1,,
320,67,1,1,50%,extra ice
321,67,4,1,120%,extra ice
322,67,18,1,,
323,67,20,1,,
324,68,3,1,100%,light ice
325,68,10,1,25%,no ice
326,68,18,1,,
327,68,15,1,,
328,69,12,1,50%,light ice
329,69,19,1,,
330,69,18,1,,
331,69,8,1,0%,extra ice
332,69,17,1,,
333,69,20,1,,
334,69,5,2,0%,extra ice
335,69,18,2,,
336,69,14,2,,
337,70,4,2,0%,regular ice
338,70,16,2,,
339,70,14,2,,
340,70,17,2,,
341,70,4,1,50%,no ice
342,70,19,1,,
343,70,7,1,0%,light ice
344,70,16,1,,
345,71,2,1,120%,no ice
346,71,17,1,,
347,71,14,1,,
348,71,18,1,,
349,71,11,1,50%,regular ice
350,72,4,2,50%,no ice
351,72,14,2,,
352,72,10,1,100%,extra ice
353,72,18,1,,
354,72,14,1,,
355,72,19,1,,
356,73,1,1,75%,regular ice
357,73,14,1,,
358,74,1,1,50%,extra ice
359,74,11,2,0%,no ice
360,74,17,2,,
361,74,14,2,,
362,74,18,2,,
363,75,4,2,100%,no ice
364,75,17,2,,
365,75,20,2,,
366,75,18,2,,
367,75,10,1,0%,regular ice
368,75,18,1,,
369,75,16,1,,
370,75,20,1,,
371,76,2,1,0%,no ice
372,76,18,1,,
373,77,11,2,100%,regular ice
374,77,17,2,,
375,77,19,2,,
376,77,18,2,,
377,78,3,1,25%,light ice
378,78,3,2,50%,extra ice
379,78,18,2,,
380,78,20,2,,
381,79,3,2,75%,regular ice
382,79,16,2,,
383,79,14,2,,
384,80,10,1,120%,light ice
385,80,18,1,,
386,80,9,2,0%,extra ice
387,80,15,2,,
388,80,11,2,25%,no ice
389,80,19,2,,
390,81,12,2,120%,extra ice
391,81,18,2,,
392,81,16,2,,
393,81,7,1,50%,light ice
394,81,20,1,,
395,81,14,1,,
396,81,17,1,,
397,82,1,1,120%,light ice
398,82,18,1,,
399,82,15,1,,
400,82,19,1,,
401,83,12,1,50%,extra ice
402,83,15,1,,
403,83,14,1,,
404,83,16,1,,
405,83,1,1,0%,regular ice
406,84,5,2,75%,light ice
407,85,4,1,25%,regular ice
408,85,16,1,,
409,86,3,1,50%,light ice
410,86,14,1,,
411,86,3,1,50%,no ice
412,86,17,1,,
413,86,11,1,0%,regular ice
414,86,17,1,,
415,86,15,1,,
416,87,6,2,120%,light ice
417,87,2,1,25%,light ice
418,87,18,1,,
419,88,12,2,50%,regular ice
420,88,14,2,,
421,88,10,2,100%,light ice
422,88,16,2,,
423,89,1,1,120%,regular ice
424,89,15,1,,
425,89,19,1,,
426,89,14,1,,
427,90,11,1,100%,no ice
428,90,20,1,,
429,90,19,1,,
430,90,18,1,,
431,90,6,1,75%,extra ice
432,90,19,1,,
433,90,16,1,,
434,91,12,2,75%,extra ice
435,91,18,2,,
436,91,17,2,,
437,91,11,1,100%,no ice
438,91,15,1,,
439,91,8,1,25%,extra ice
440,91,17,1,,
441,91,20,1,,
442,92,3,1,50%,regular ice
443,92,20,1,,
444,92,2,2,50%,extra ice
445,92,18,2,,
446,92,1,2,75%,regular ice
447,92,17,2,,
448,92,20,2,,
449,92,19,2,,
450,93,8,2,50%,regular ice
451,93,3,2,75%,light ice
452,94,2,2,50%,no ice
453,94,14,2,,
454,94,2,1,0%,regular ice
455,94,16,1,,
456,95,11,2,50%,regular ice
457,95,15,2,,
458,95,19,2,,
459,96,3,1,120%,regular ice
460,96,16,1,,
461,96,20,1,,
462,96,7,2,75%,no ice
463,96,20,2,,
464,96,7,1,25%,light ice
465,96,15,1,,
466,96,18,1,,
467,96,19,1,,
468,97,8,2,120%,extra ice
469,97,6,2,25%,extra ice
470,97,17,2,,
471,97,8,2,100%,no ice
472,97,18,2,,
473,98,5,2,120%,no ice
474,98,16,2,,
475,98,15,2,,
476,99,7,2,120%,extra ice
477,99,18,2,,
478,99,14,2,,
479,99,10,1,0%,light ice
480,99,18,1,,
481,99,19,1,,
482,100,10,2,100%,extra ice
483,100,17,2,,
484,100,2,1,100%,extra ice
485,100,14,1,,
486,100,16,1,,
487,100,18,1,,
488,100,8,1,120%,regular ice
489,100,14,1,,
490,101,9,2,25%,no ice
491,101,3,2,25%,no ice
492,101,15,2,,
493,101,20,2,,
494,101,5,2,120%,no ice
495,102,9,2,0%,light ice
496,102,17,2,,
497,102,15,2,,
498,102,14,2,,
499,102,3,2,100%,extra ice
500,103,4,2,25%,light ice
501,103,20,2,,
502,103,19,2,,
503,103,17,2,,
504,103,3,1,100%,regular ice
505,103,16,1,,
506,103,15,1,,
507,103,14,1,,
508,104,8,1,0%,extra ice
509,104,18,1,,
510,104,17,1,,
511,105,8,1,100%,no ice
512,105,19,1,,
513,105,17,1,,
514,105,6,2,120%,regular ice
515,105,17,2,,
516,106,3,2,100%,extra ice
517,106,19,2,,
518,106,15,2,,
519,106,18,2,,
520,107,7,1,120%,no ice
521,107,16,1,,
522,108,9,1,50%,no ice
523,108,17,1,,
524,108,18,1,,
525,108,14,1,,
526,108,6,2,0%,no ice
527,108,17,2,,
528,108,15,2,,
529,108,16,2,,
530,108,4,2,100%,no ice
531,109,11,2,120%,extra ice
532,109,19,2,,
533,109,17,2,,
534,110,7,2,0%,no ice
535,111,3,2,50%,extra ice
536,111,14,2,,
537,111,20,2,,
538,111,18,2,,
539,111,11,1,25%,extra ice
540,111,20,1,,
541,111,16,1,,
542,111,15,1,,
543,111,3,1,0%,no ice
544,111,14,1,,
545,111,18,1,,
546,112,7,1,25%,no ice
547,112,15,1,,
548,112,17,1,,
549,112,6,1,25%,light ice
550,112,17,1,,
551,112,12,2,0%,no ice
552,112,17,2,,
553,112,14,2,,
554,113,1,1,0%,extra ice
555,113,16,1,,
556,113,4,1,25%,no ice
557,113,14,1,,
558,113,20,1,,
559,113,16,1,,
560,113,4,1,120%,no ice
561,114,3,1,120%,light ice
562,114,18,1,,
563,114,14,1,,
564,114,16,1,,
565,114,6,1,100%,light ice
566,114,17,1,,
567,114,14,1,,
568,114,15,1,,
569,114,4,2,0%,regular ice
570,114,14,2,,
571,115,11,2,50%,no ice
572,115,17,2,,
573,115,4,2,0%,regular ice
574,116,4,2,75%,regular ice
575,117,9,2,100%,light ice
576,117,10,1,50%,extra ice
577,117,15,1,,
578,117,19,1,,
579,117,12,1,50%,extra ice
580,117,14,1,,
581,117,18,1,,
582,118,8,1,75%,light ice
583,118,14,1,,
584,118,10,1,0%,regular ice
585,118,20,1,,
586,118,15,1,,
587,118,18,1,,
588,118,2,2,0%,light ice
589,118,16,2,,
590,118,15,2,,
591,118,19,2,,
592,119,4,1,120%,no ice
593,119,19,1,,
594,119,16,1,,
595,119,15,1,,
596,119,5,2,50%,no ice
597,119,20,2,,
598,119,14,2,,
599,120,12,1,50%,regular ice
600,120,18,1,,
601,121,11,2,25%,light ice
602,121,15,2,,
603,121,17,2,,
604,122,1,1,0%,extra ice
605,122,14,1,,
606,122,11,1,25%,light ice
607,122,3,1,100%,light ice
608,123,12,1,75%,regular ice
609,123,15,1,,
610,123,7,2,25%,light ice
611,123,18,2,,
612,123,17,2,,
613,124,4,1,50%,extra ice
614,124,17,1,,
615,124,20,1,,
616,124,3,2,75%,extra ice
617,124,20,2,,
618,124,15,2,,
619,124,17,2,,
620,124,1,1,75%,extra ice
621,124,18,1,,
622,124,20,1,,
623,125,9,2,120%,light ice
624,125,17,2,,
625,125,16,2,,
626,125,20,2,,
627,126,7,1,100%,extra ice
628,126,15,1,,
629,126,19,1,,
630,126,8,1,25%,light ice
631,127,9,2,120%,regular ice
632,127,17,2,,
633,127,20,2,,
634,127,16,2,,
635,128,8,2,50%,no ice
636,128,2,1,75%,light ice
637,128,16,1,,
638,128,19,1,,
639,128,20,1,,
640,129,12,1,75%,regular ice
641,129,17,1,,
642,129,19,1,,
643,129,15,1,,
644,129,4,2,75%,no ice
645,129,12,2,120%,light ice
646,129,19,2,,
647,129,15,2,,
648,129,16,2,,
649,130,10,1,100%,light ice
650,131,11,2,120%,extra ice
651,132,4,2,75%,light ice
652,132,19,2,,
653,132,16,2,,
654,132,9,2,100%,extra ice
655,132,20,2,,
656,132,19,2,,
657,132,14,2,,
658,132,2,1,120%,regular ice
659,132,19,1,,
660,132,15,1,,
661,133,7,1,120%,regular ice
662,133,20,1,,
663,133,8,1,0%,no ice
664,133,18,1,,
665,133,17,1,,
666,133,16,1,,
667,133,12,1,75%,light ice
668,133,15,1,,
669,133,19,1,,
670,134,4,1,75%,light ice
671,134,18,1,,
672,134,15,1,,
673,134,19,1,,
674,135,1,1,120%,light ice
675,135,20,1,,
676,135,17,1,,
677,136,11,1,100%,no ice
678,136,5,1,0%,extra ice
679,136,14,1,,
680,136,16,1,,
681,137,10,2,25%,extra ice
682,138,1,1,50%,no ice
683,139,9,2,0%,extra ice
684,139,17,2,,
685,139,16,2,,
686,139,18,2,,
687,140,6,2,50%,regular ice
688,140,16,2,,
689,140,11,1,75%,extra ice
690,140,20,1,,
691,140,16,1,,
692,141,1,1,75%,extra ice
693,142,2,1,100%,regular ice
694,142,17,1,,
695,142,18,1,,
696,142,11,2,120%,extra ice
697,142,14,2,,
698,142,11,2,50%,no ice
699,143,6,1,120%,extra ice
700,143,17,1,,
701,143,19,1,,
702,143,18,1,,
703,143,2,2,50%,extra ice
704,143,12,1,75%,regular ice
705,143,20,1,,
706,144,10,1,120%,no ice
707,144,20,1,,
708,144,14,1,,
709,144,16,1,,
710,144,11,1,100%,extra ice
711,144,14,1,,
712,144,17,1,,
713,144,18,1,,
714,144,4,1,25%,light ice
715,145,7,1,120%,no ice
716,145,17,1,,
717,145,16,1,,
718,146,12,1,50%,extra ice
719,146,18,1,,
720,147,12,2,75%,no ice
721,147,18,2,,
722,147,10,2,0%,regular ice
723,147,19,2,,
724,147,20,2,,
725,147,18,2,,
726,147,7,2,25%,light ice
727,148,2,2,0%,no ice
728,148,19,2,,
729,148,2,1,100%,regular ice
730,148,17,1,,
731,148,18,1,,
732,149,1,1,50%,no ice
733,149,17,1,,
734,149,16,1,,
735,149,19,1,,
736,149,11,1,25%,light ice
737,149,14,1,,
738,149,18,1,,
739,149,17,1,,
740,149,6,1,25%,regular ice
741,149,19,1,,
742,149,17,1,,
743,149,15,1,,
744,150,5,2,25%,no ice
745,150,18,2,,
746,150,19,2,,
747,150,2,1,50%,extra ice
748,150,16,1,,
749,150,19,1,,
750,150,17,1,,
751,150,1,1,50%,light ice
752,150,19,1,,
753,151,1,2,25%,extra ice
754,151,20,2,,
755,151,19,2,,
756,151,3,2,0%,extra ice
757,151,19,2,,
758,151,17,2,,
759,151,16,2,,
760,151,7,2,75%,no ice
761,151,19,2,,
762,151,15,2,,
763,152,9,1,75%,no ice
764,152,20,1,,
765,152,18,1,,
766,152,1,2,120%,regular ice
767,152,18,2,,
768,152,3,2,75%,extra ice
769,152,15,2,,
770,153,12,2,25%,no ice
771,154,3,1,75%,extra ice
772,154,2,1,50%,extra ice
773,154,2,2,100%,regular ice
774,154,19,2,,
775,155,7,1,25%,no ice
776,155,17,1,,
777,155,8,2,50%,light ice
778,155,8,2,120%,extra ice
779,155,16,2,,
780,155,14,2,,
781,155,19,2,,
782,156,2,1,0%,extra ice
783,157,10,2,100%,extra ice
784,157,10,2,25%,extra ice
785,157,16,2,,
786,157,18,2,,
787,157,15,2,,
788,157,2,1,50%,no ice
789,157,20,1,,
790,157,19,1,,
791,157,14,1,,
792,158,9,1,100%,extra ice
793,158,4,1,120%,no ice
794,158,14,1,,
795,159,8,1,50%,no ice
796,159,18,1,,
797,159,4,1,120%,light ice
798,159,20,1,,
799,159,14,1,,
800,159,2,2,0%,regular ice
801,159,17,2,,
802,160,1,1,25%,regular ice
803,160,19,1,,
804,160,18,1,,
805,160,8,2,25%,extra ice
806,160,18,2,,
807,160,20,2,,
808,160,9,1,25%,no ice
809,160,14,1,,
810,161,3,1,50%,light ice
811,161,18,1,,
812,162,5,1,25%,extra ice
813,162,16,1,,
814,162,17,1,,
815,162,11,2,25%,extra ice
816,163,11,1,75%,light ice
817,163,11,1,120%,regular ice
818,163,18,1,,
819,163,19,1,,
820,164,9,2,100%,light ice
821,164,16,2,,
822,164,7,1,75%,no ice
823,164,5,2,0%,no ice
824,165,11,2,0%,regular ice
825,165,15,2,,
826,165,20,2,,
827,165,5,2,0%,no ice
828,165,17,2,,
829,166,2,2,25%,regular ice
830,167,6,2,120%,regular ice
831,167,1,2,25%,regular ice
832,167,16,2,,
833,167,12,2,120%,extra ice
834,167,16,2,,
835,168,11,1,100%,light ice
836,168,17,1,,
837,169,12,2,50%,no ice
838,169,19,2,,
839,169,10,1,75%,extra ice
840,169,16,1,,
841,169,17,1,,
842,169,18,1,,
843,169,5,1,50%,extra ice
844,169,19,1,,
845,169,14,1,,
846,170,7,1,50%,no ice
847,170,12,1,25%,no ice
848,171,12,1,50%,extra ice
849,171,19,1,,
850,171,18,1,,
851,171,15,1,,
852,172,8,2,100%,no ice
853,172,10,2,25%,no ice
854,172,15,2,,
855,172,19,2,,
856,173,9,2,120%,no ice
857,173,19,2,,
858,173,9,1,25%,light ice
859,173,20,1,,
860,173,15,1,,
861,173,9,2,50%,no ice
862,173,17,2,,
863,173,15,2,,
864,173,16,2,,
865,174,6,1,120%,light ice
866,174,16,1,,
867,174,17,1,,
868,175,5,2,25%,no ice
869,175,16,2,,
870,175,11,2,100%,no ice
871,175,14,2,,
872,175,16,2,,
873,175,20,2,,
874,176,8,2,50%,regular ice
875,176,1,2,50%,light ice
876,176,14,2,,
877,176,20,2,,
878,176,7,1,75%,light ice
879,176,17,1,,
880,177,8,2,0%,light ice
881,177,17,2,,
882,178,6,2,50%,regular ice
883,178,18,2,,
884,178,5,2,0%,extra ice
885,178,15,2,,
886,179,12,2,75%,no ice
887,179,14,2,,
888,179,4,1,50%,no ice
889,179,17,1,,
890,179,19,1,,
891,179,16,1,,
892,180,3,2,120%,light ice
893,180,14,2,,
894,180,17,2,,
895,181,9,2,75%,light ice
896,181,18,2,,
897,181,19,2,,
898,181,17,2,,
899,181,3,1,0%,no ice
900,181,15,1,,
901,182,9,1,0%,light ice
902,182,17,1,,
903,182,18,1,,
904,182,12,2,0%,extra ice
905,182,16,2,,
906,182,17,2,,
907,183,7,1,25%,light ice
908,183,16,1,,
909,184,5,2,120%,light ice
910,184,17,2,,
911,185,2,1,120%,light ice
912,185,15,1,,
913,185,2,1,25%,extra ice
914,185,15,1,,
915,185,20,1,,
916,185,7,1,0%,light ice
917,186,7,1,100%,regular ice
918,186,16,1,,
919,186,7,2,75%,no ice
920,187,2,2,50%,regular ice
921,187,19,2,,
922,187,17,2,,
923,187,4,1,50%,no ice
924,188,1,1,120%,regular ice
925,188,17,1,,
926,188,16,1,,
927,189,2,2,75%,light ice
928,189,16,2,,
929,189,20,2,,
930,189,19,2,,
931,189,2,1,0%,no ice
932,189,16,1,,
933,189,19,1,,
934,189,6,1,120%,regular ice
935,189,15,1,,
936,189,18,1,,
937,190,2,1,0%,light ice
938,190,10,1,120%,light ice
939,190,14,1,,
940,190,20,1,,
941,190,18,1,,
942,191,6,1,50%,extra ice
943,191,14,1,,
944,191,3,2,25%,extra ice
945,191,16,2,,
946,191,17,2,,
947,191,11,2,120%,no ice
948,192,7,1,100%,no ice
949,192,19,1,,
950,192,15,1,,
951,192,5,1,0%,no ice
952,192,17,1,,
953,192,19,1,,
954,192,18,1,,
955,193,2,2,25%,extra ice
956,193,17,2,,
957,193,18,2,,
958,193,16,2,,
959,193,4,1,25%,no ice
960,193,18,1,,
961,193,12,2,0%,extra ice
962,193,20,2,,
963,193,15,2,,
964,194,12,1,50%,no ice
965,194,14,1,,
966,194,9,1,25%,regular ice
967,194,16,1,,
968,195,5,1,0%,light ice
969,196,11,2,50%,regular ice
970,197,9,2,50%,light ice
971,197,16,2,,
972,197,14,2,,
973,197,11,1,0%,regular ice
974,197,15,1,,
975,197,16,1,,
976,197,1,2,100%,no ice
977,197,20,2,,
978,197,19,2,,
979,198,10,2,100%,light ice
980,198,16,2,,
981,198,5,1,25%,extra ice
982,198,15,1,,
983,198,19,1,,
984,198,17,1,,
985,198,6,1,25%,extra ice
986,198,15,1,,
987,198,17,1,,
988,198,20,1,,
989,199,4,1,100%,extra ice
990,199,14,1,,
991,199,16,1,,
992,200,3,1,75%,light ice
993,200,14,1,,
994,201,4,1,75%,extra ice
995,201,19,1,,
996,201,1,2,100%,no ice
997,201,14,2,,
998,201,20,2,,
999,201,19,2,,
1000,202,1,1,25%,light ice
1001,202,15,1,,
1002,202,19,1,,
1003,202,10,1,0%,no ice
1004,202,20,1,,
1005,202,19,1,,
1006,202,2,2,25%,light ice
1007,202,20,2,,
1008,202,15,2,,
1009,202,16,2,,
1010,203,8,1,25%,light ice
1011,203,19,1,,
1012,203,18,1,,
1013,203,2,1,0%,no ice
1014,203,14,1,,
1015,203,18,1,,
1016,204,3,1,0%,light ice
1017,204,17,1,,
1018,204,7,2,25%,regular ice
1019,204,19,2,,
1020,205,11,2,120%,no ice
1021,205,14,2,,
1022,205,4,2,0%,regular ice
1023,206,6,1,0%,regular ice
1024,206,10,2,25%,light ice
1025,206,18,2,,
1026,206,15,2,,
1027,206,11,2,75%,light ice
1028,206,16,2,,
1029,206,14,2,,
1030,207,8,2,120%,regular ice
1031,207,1,2,25%,light ice
1032,207,17,2,,
1033,208,12,1,75%,no ice
1034,208,19,1,,
1035,208,16,1,,
1036,208,15,1,,
1037,208,2,1,50%,light ice
1038,208,16,1,,
1039,208,20,1,,
1040,208,17,1,,
1041,209,8,2,120%,extra ice
1042,209,20,2,,
1043,209,11,2,25%,extra ice
1044,209,18,2,,
1045,209,20,2,,
1046,209,17,2,,
1047,210,9,1,25%,extra ice
1048,210,18,1,,
1049,210,20,1,,
1050,210,15,1,,
1051,210,12,2,0%,light ice
1052,210,4,2,0%,regular ice
1053,210,14,2,,
1054,211,6,2,50%,light ice
1055,211,15,2,,
1056,211,18,2,,
1057,211,17,2,,
1058,212,4,1,25%,no ice
1059,213,12,1,25%,extra ice
1060,213,16,1,,
1061,213,14,1,,
1062,213,19,1,,
1063,213,11,2,100%,no ice
1064,213,14,2,,
1065,213,3,1,50%,light ice
1066,213,14,1,,
1067,214,10,1,75%,light ice
1068,214,19,1,,
1069,214,15,1,,
1070,214,18,1,,
1071,215,5,2,75%,extra ice
1072,215,20,2,,
1073,215,19,2,,
1074,215,14,2,,
1075,215,5,1,0%,light ice
1076,215,10,1,25%,light ice
1077,215,20,1,,
1078,215,17,1,,
1079,215,19,1,,
1080,216,12,1,50%,regular ice
1081,216,15,1,,
1082,216,16,1,,
1083,216,14,1,,
1084,216,9,1,75%,light ice
1085,216,18,1,,
1086,216,14,1,,
1087,216,15,1,,
1088,216,7,2,25%,no ice
1089,216,16,2,,
1090,216,19,2,,
1091,216,17,2,,
1092,217,3,2,0%,regular ice
1093,217,16,2,,
1094,217,2,2,0%,no ice
1095,217,14,2,,
1096,217,15,2,,
1097,218,3,1,100%,no ice
1098,218,18,1,,
1099,218,1,1,50%,light ice
1100,219,5,2,0%,no ice
1101,220,6,1,0%,regular ice
1102,220,20,1,,
1103,220,16,1,,
1104,221,9,2,25%,regular ice
1105,221,15,2,,
1106,221,19,2,,
1107,221,11,2,0%,regular ice
1108,222,3,2,0%,extra ice
1109,222,5,2,25%,light ice
1110,222,11,1,0%,light ice
1111,222,20,1,,
1112,223,3,2,100%,regular ice
1113,223,16,2,,
1114,223,5,1,50%,extra ice
1115,223,15,1,,
1116,223,20,1,,
1117,223,18,1,,
1118,223,10,2,0%,light ice
1119,224,3,2,50%,no ice
1120,225,6,1,25%,regular ice
1121,225,5,2,100%,regular ice
1122,226,3,2,120%,extra ice
1123,226,16,2,,
1124,226,17,2,,
1125,226,15,2,,
1126,227,10,2,75%,no ice
1127,227,17,2,,
1128,227,20,2,,
1129,228,11,2,25%,extra ice
1130,228,16,2,,
1131,228,14,2,,
1132,228,11,2,75%,extra ice
1133,228,10,1,120%,no ice
1134,229,2,1,50%,extra ice
1135,229,20,1,,
1136,229,14,1,,
1137,229,15,1,,
1138,230,8,2,120%,no ice
1139,230,17,2,,
1140,230,19,2,,
1141,230,18,2,,
1142,230,8,1,0%,no ice
1143,231,7,2,25%,extra ice
1144,231,6,1,50%,extra ice
1145,231,14,1,,
1146,231,16,1,,
1147,231,17,1,,
1148,232,9,1,25%,extra ice
1149,232,16,1,,
1150,233,1,1,100%,extra ice
1151,233,20,1,,
1152,233,17,1,,
1153,233,8,1,25%,no ice
1154,233,11,2,75%,regular ice
1155,233,14,2,,
1156,234,2,1,50%,extra ice
1157,234,20,1,,
1158,234,19,1,,
1159,235,7,2,100%,light ice
1160,235,20,2,,
1161,235,1,2,0%,extra ice
1162,235,15,2,,
1163,235,20,2,,
1164,236,7,1,75%,extra ice
1165,236,16,1,,
1166,236,19,1,,
1167,236,18,1,,
1168,236,7,1,0%,light ice
1169,236,16,1,,
1170,237,12,1,120%,regular ice
1171,237,17,1,,
1172,237,3,1,75%,regular ice
1173,237,16,1,,
1174,237,18,1,,
1175,237,14,1,,
1176,237,8,1,25%,extra ice
1177,238,12,1,25%,extra ice
1178,238,15,1,,
1179,238,16,1,,
1180,238,20,1,,
1181,239,11,2,100%,no ice
1182,239,14,2,,
1183,239,16,2,,
1184,240,9,2,0%,extra ice
1185,240,17,2,,
1186,240,16,2,,
1187,240,19,2,,
1188,240,9,1,75%,regular ice
1189,240,17,1,,
1190,241,6,2,25%,light ice
1191,241,16,2,,
1192,241,19,2,,
1193,241,17,2,,
1194,241,11,1,50%,no ice
1195,242,11,1,0%,extra ice
1196,242,19,1,,
1197,242,18,1,,
1198,242,20,1,,
1199,243,11,2,75%,no ice
1200,243,15,2,,
1201,243,20,2,,
1202,243,17,2,,
1203,244,7,2,0%,light ice
1204,244,6,2,75%,extra ice
1205,244,6,2,25%,regular ice
1206,244,16,2,,
1207,244,17,2,,
1208,245,4,1,0%,extra ice
1209,245,1,2,25%,regular ice
1210,245,15,2,,
1211,245,18,2,,
1212,245,7,1,25%,extra ice
1213,245,20,1,,
1214,245,14,1,,
1215,245,18,1,,
1216,246,3,1,120%,extra ice
1217,246,16,1,,
1218,246,18,1,,
1219,246,15,1,,
1220,246,7,1,25%,no ice
1221,247,10,1,75%,regular ice
1222,247,15,1,,
1223,247,14,1,,
1224,247,2,1,0%,extra ice
1225,247,14,1,,
1226,247,10,2,120%,no ice
1227,248,12,2,25%,extra ice
1228,248,15,2,,
1229,248,11,1,25%,regular ice
1230,248,19,1,,
1231,248,7,2,50%,no ice
1232,249,11,1,0%,no ice
1233,249,18,1,,
1234,249,14,1,,
1235,249,19,1,,
1236,250,5,1,50%,light ice
1237,251,6,1,25%,extra ice
1238,251,20,1,,
1239,251,14,1,,
1240,251,17,1,,
1241,251,2,1,75%,no ice
1242,251,17,1,,
1243,251,16,1,,
1244,251,20,1,,
1245,252,3,1,50%,no ice
1246,253,6,1,50%,extra ice
1247,253,18,1,,
1248,254,5,1,0%,light ice
1249,254,9,1,100%,light ice
1250,254,14,1,,
1251,254,15,1,,
1252,254,1,1,50%,light ice
1253,255,12,2,25%,regular ice
1254,255,15,2,,
1255,255,14,2,,
1256,255,16,2,,
1257,255,12,2,100%,regular ice
1258,255,17,2,,
1259,255,18,2,,
1260,255,20,2,,
1261,255,4,1,50%,light ice
1262,255,17,1,,
1263,255,14,1,,
1264,256,10,1,50%,light ice
1265,256,17,1,,
1266,256,20,1,,
1267,256,19,1,,
1268,256,10,2,120%,regular ice
1269,256,10,1,75%,extra ice
1270,256,16,1,,
1271,256,19,1,,
1272,257,8,2,25%,no ice
1273,257,16,2,,
1274,257,18,2,,
1275,257,19,2,,
1276,258,7,1,0%,no ice
1277,258,17,1,,
1278,258,15,1,,
1279,258,6,1,25%,no ice
1280,258,16,1,,
1281,258,15,1,,
1282,259,2,1,0%,regular ice
1283,259,15,1,,
1284,259,17,1,,
1285,259,10,1,50%,light ice
1286,259,16,1,,
1287,259,18,1,,
1288,259,15,1,,
1289,260,4,1,0%,regular ice
1290,260,19,1,,
1291,260,17,1,,
1292,260,16,1,,
1293,260,6,1,25%,light ice
1294,260,17,1,,
1295,260,14,1,,
1296,260,16,1,,
1297,260,7,2,0%,no ice
1298,260,18,2,,
1299,261,10,1,75%,light ice
1300,261,14,1,,
1301,261,19,1,,
1302,261,10,2,0%,extra ice
1303,261,20,2,,
1304,262,1,2,100%,no ice
1305,262,2,2,75%,no ice
1306,262,16,2,,
1307,262,20,2,,
1308,263,7,2,0%,regular ice
1309,263,7,2,50%,extra ice
1310,264,10,1,0%,no ice
1311,264,1,2,25%,no ice
1312,264,15,2,,
1313,264,20,2,,
1314,264,14,2,,
1315,265,12,1,50%,no ice
1316,265,20,1,,
1317,265,14,1,,
1318,266,1,2,50%,no ice
1319,266,19,2,,
1320,266,18,2,,
1321,267,5,1,120%,light ice
1322,267,14,1,,
1323,267,15,1,,
1324,267,16,1,,
1325,267,3,2,100%,extra ice
1326,268,9,2,25%,extra ice
1327,268,16,2,,
1328,268,19,2,,
1329,268,8,2,25%,no ice
1330,268,19,2,,
1331,268,14,2,,
1332,268,6,1,100%,light ice
1333,269,8,1,0%,light ice
1334,269,17,1,,
1335,270,4,2,75%,no ice
1336,270,20,2,,
1337,270,10,2,100%,regular ice
1338,270,19,2,,
1339,270,15,2,,
1340,270,18,2,,
1341,271,3,2,25%,regular ice
1342,271,20,2,,
1343,271,18,2,,
1344,271,19,2,,
1345,272,7,2,25%,no ice
1346,272,15,2,,
1347,272,19,2,,
1348,272,16,2,,
1349,273,11,2,0%,light ice
1350,273,12,1,0%,light ice
1351,273,15,1,,
1352,273,16,1,,
1353,273,14,1,,
1354,273,8,2,120%,extra ice
1355,273,14,2,,
1356,273,18,2,,
1357,274,6,1,75%,light ice
1358,274,18,1,,
1359,274,17,1,,
1360,274,20,1,,
1361,275,1,2,75%,regular ice
1362,275,1,2,120%,extra ice
1363,275,16,2,,
1364,276,7,2,25%,regular ice
1365,276,14,2,,
1366,276,19,2,,
1367,276,20,2,,
1368,277,4,1,0%,light ice
1369,277,1,1,100%,regular ice
1370,277,9,1,0%,regular ice
1371,277,17,1,,
1372,277,20,1,,
1373,277,14,1,,
1374,278,12,2,120%,regular ice
1375,278,15,2,,
1376,279,6,2,120%,regular ice
1377,280,3,2,100%,extra ice
1378,280,15,2,,
1379,281,11,1,0%,light ice
1380,281,17,1,,
1381,281,15,1,,
1382,281,1,2,120%,extra ice
1383,281,14,2,,
1384,281,15,2,,
1385,282,2,2,25%,no ice
1386,282,18,2,,
1387,282,14,2,,
1388,282,17,2,,
1389,282,4,1,75%,no ice
1390,283,11,1,50%,light ice
1391,283,20,1,,
1392,283,2,2,0%,regular ice
1393,283,17,2,,
1394,283,19,2,,
1395,283,16,2,,
1396,283,9,2,50%,extra ice
1397,283,17,2,,
1398,283,14,2,,
1399,284,5,2,120%,regular ice
1400,284,5,1,120%,no ice
1401,284,20,1,,
1402,284,15,1,,
1403,284,19,1,,
1404,285,8,2,0%,light ice
1405,285,15,2,,
1406,285,19,2,,
1407,285,2,1,25%,extra ice
1408,285,19,1,,
1409,285,20,1,,
1410,286,8,2,100%,light ice
1411,286,16,2,,
1412,286,17,2,,
1413,286,10,2,75%,regular ice
1414,286,14,2,,
1415,286,10,1,100%,regular ice
1416,286,20,1,,
1417,286,17,1,,
1418,286,18,1,,
1419,287,5,2,0%,no ice
1420,287,17,2,,
1421,287,11,1,25%,regular ice
1422,287,17,1,,
1423,287,16,1,,
1424,288,5,1,0%,extra ice
1425,288,16,1,,
1426,289,2,2,0%,extra ice
1427,289,7,1,50%,no ice
1428,289,15,1,,
1429,289,16,1,,
1430,289,5,1,100%,light ice
1431,289,15,1,,
1432,289,19,1,,
1433,290,7,2,100%,no ice
1434,290,14,2,,
1435,291,6,2,25%,extra ice
1436,291,14,2,,
1437,291,16,2,,
1438,291,19,2,,
1439,291,10,2,50%,light ice
1440,291,20,2,,
1441,291,18,2,,
1442,292,11,1,25%,regular ice
1443,292,18,1,,
1444,292,15,1,,
1445,292,16,1,,
1446,293,2,1,50%,extra ice
1447,293,20,1,,
1448,293,17,1,,
1449,293,14,1,,
1450,293,3,2,100%,extra ice
1451,293,17,2,,
1452,293,16,2,,
1453,294,8,2,75%,extra ice
1454,294,9,1,0%,extra ice
1455,294,18,1,,
1456,295,4,1,100%,regular ice
1457,295,14,1,,
1458,295,17,1,,
1459,295,3,2,75%,no ice
1460,295,20,2,,
1461,295,14,2,,
1462,295,19,2,,
1463,296,5,2,120%,no ice
1464,297,10,1,75%,regular ice
1465,297,12,1,100%,no ice
1466,297,18,1,,
1467,298,8,1,25%,light ice
1468,298,19,1,,
1469,298,16,1,,
1470,298,12,1,0%,extra ice
1471,298,2,1,0%,light ice
1472,299,4,1,0%,extra ice
1473,299,17,1,,
1474,299,14,1,,
1475,299,19,1,,
1476,300,7,1,75%,light ice
1477,300,20,1,,
1478,300,18,1,,
1479,300,11,2,75%,no ice
1480,300,19,2,,
1481,301,3,1,25%,light ice
1482,301,17,1,,
1483,302,5,2,50%,no ice
1484,302,19,2,,
1485,302,16,2,,
1486,302,7,2,75%,no ice
1487,302,20,2,,
1488,302,17,2,,
1489,302,15,2,,
1490,303,5,2,75%,no ice
1491,304,5,1,0%,extra ice
1492,304,15,1,,
1493,304,17,1,,
1494,304,12,1,75%,regular ice
1495,304,16,1,,
1496,304,9,2,100%,light ice
1497,304,18,2,,
1498,304,14,2,,
1499,304,15,2,,
1500,305,3,2,50%,regular ice
1501,305,16,2,,
1502,305,11,1,50%,extra ice
1503,305,17,1,,
1504,305,20,1,,
1505,305,18,1,,
1506,305,11,1,25%,regular ice
1507,305,18,1,,
1508,305,20,1,,
1509,306,10,1,100%,extra ice
1510,306,1,1,120%,light ice
1511,307,2,2,75%,extra ice
1512,307,20,2,,
1513,307,12,1,25%,no ice
1514,307,20,1,,
1515,307,17,1,,
1516,307,14,1,,
1517,307,1,1,100%,regular ice
1518,308,2,1,75%,regular ice
1519,308,16,1,,
1520,308,2,2,120%,extra ice
1521,308,19,2,,
1522,308,10,1,100%,light ice
1523,308,17,1,,
1524,308,20,1,,
1525,309,5,1,25%,light ice
1526,309,20,1,,
1527,309,18,1,,
1528,309,15,1,,
1529,309,2,1,100%,no ice
1530,309,14,1,,
1531,309,3,2,0%,regular ice
1532,310,3,1,120%,extra ice
1533,310,18,1,,
1534,310,8,2,100%,regular ice
1535,310,20,2,,
1536,311,8,1,75%,extra ice
1537,312,9,1,50%,no ice
1538,312,15,1,,
1539,312,14,1,,
1540,312,18,1,,
1541,313,6,2,0%,light ice
1542,313,17,2,,
1543,313,19,2,,
1544,313,6,2,0%,light ice
1545,313,9,2,100%,light ice
1546,313,18,2,,
1547,313,14,2,,
1548,313,20,2,,
1549,314,2,2,100%,extra ice
1550,314,1,2,50%,extra ice
1551,314,16,2,,
1552,314,1,2,25%,light ice
1553,315,8,2,0%,no ice
1554,316,10,2,120%,no ice
1555,316,16,2,,
1556,316,12,1,0%,no ice
1557,316,18,1,,
1558,316,15,1,,
1559,316,16,1,,
1560,317,8,1,50%,light ice
1561,317,1,1,25%,extra ice
1562,317,14,1,,
1563,317,17,1,,
1564,317,19,1,,
1565,318,3,1,75%,extra ice
1566,318,8,2,0%,regular ice
1567,318,16,2,,
1568,318,7,1,0%,light ice
1569,319,1,1,25%,extra ice
1570,319,12,1,25%,no ice
1571,319,3,2,75%,light ice
1572,320,6,2,100%,light ice
1573,320,18,2,,
1574,320,7,1,75%,no ice
1575,321,9,2,25%,extra ice
1576,321,17,2,,
1577,321,12,2,50%,regular ice
1578,321,18,2,,
1579,322,6,1,120%,no ice
1580,322,17,1,,
1581,322,19,1,,
1582,322,10,1,75%,regular ice
1583,322,15,1,,
1584,323,4,1,50%,light ice
1585,323,19,1,,
1586,323,15,1,,
1587,323,1,2,25%,extra ice
1588,323,1,2,75%,no ice
1589,323,18,2,,
1590,323,17,2,,
1591,324,2,2,0%,regular ice
1592,324,14,2,,
1593,324,17,2,,
1594,324,19,2,,
1595,324,8,1,0%,light ice
1596,324,15,1,,
1597,324,19,1,,
1598,324,17,1,,
1599,325,1,1,120%,regular ice
1600,325,14,1,,
1601,325,18,1,,
1602,325,6,1,50%,light ice
1603,325,19,1,,
1604,325,18,1,,
1605,325,7,1,75%,no ice
1606,325,19,1,,
1607,325,20,1,,
1608,325,16,1,,
1609,326,8,1,75%,regular ice
1610,326,17,1,,
1611,326,19,1,,
1612,326,15,1,,
1613,326,3,2,0%,regular ice
1614,326,4,2,100%,regular ice
1615,326,14,2,,
1616,326,18,2,,
1617,326,16,2,,
1618,327,5,1,120%,regular ice
1619,327,5,2,100%,regular ice
1620,327,17,2,,
1621,328,1,2,75%,no ice
1622,328,6,2,75%,light ice
1623,329,2,1,50%,regular ice
1624,329,15,1,,
1625,329,16,1,,
1626,329,19,1,,
1627,329,5,1,75%,light ice
1628,329,15,1,,
1629,329,10,1,120%,no ice
1630,330,1,2,25%,extra ice
1631,330,9,1,120%,light ice
1632,330,16,1,,
1633,330,14,1,,
1634,330,11,1,50%,no ice
1635,330,14,1,,
1636,330,20,1,,
1637,331,8,1,0%,no ice
1638,331,16,1,,
1639,331,10,1,50%,extra ice
1640,331,16,1,,
1641,331,15,1,,
1642,331,14,1,,
1643,331,6,2,100%,regular ice
1644,331,19,2,,
1645,331,16,2,,
1646,331,17,2,,
1647,332,10,2,0%,light ice
1648,332,5,1,25%,no ice
1649,332,20,1,,
1650,333,9,1,120%,regular ice
1651,333,20,1,,
1652,333,18,1,,
1653,333,14,1,,
1654,333,11,2,120%,light ice
1655,334,4,1,100%,extra ice
1656,335,8,2,120%,extra ice
1657,335,15,2,,
1658,335,18,2,,
1659,335,5,1,25%,regular ice
1660,335,15,1,,
1661,335,17,1,,
1662,335,6,1,120%,no ice
1663,335,19,1,,
1664,335,17,1,,
1665,335,16,1,,
1666,336,6,2,100%,no ice
1667,336,18,2,,
1668,336,15,2,,
1669,336,17,2,,
1670,337,4,1,100%,light ice
1671,337,19,1,,
1672,337,18,1,,
1673,337,15,1,,
1674,337,10,2,50%,regular ice
1675,337,14,2,,
1676,337,20,2,,
1677,338,7,2,100%,light ice
1678,338,15,2,,
1679,338,8,1,0%,light ice
1680,338,16,1,,
1681,338,18,1,,
1682,338,17,1,,
1683,339,2,2,25%,no ice
1684,339,12,1,25%,no ice
1685,339,17,1,,
1686,339,16,1,,
1687,339,15,1,,
1688,339,7,2,120%,light ice
1689,340,6,1,100%,no ice
1690,340,12,2,50%,extra ice
1691,340,19,2,,
1692,340,17,2,,
1693,340,16,2,,
1694,341,12,1,25%,light ice
1695,341,14,1,,
1696,341,10,2,100%,regular ice
1697,341,16,2,,
1698,341,17,2,,
1699,341,15,2,,
1700,342,12,1,100%,regular ice
1701,342,16,1,,
1702,342,8,2,50%,no ice
1703,342,16,2,,
1704,342,17,2,,
1705,342,6,1,25%,light ice
1706,342,17,1,,
1707,343,5,1,100%,regular ice
1708,343,16,1,,
1709,343,15,1,,
1710,343,2,2,50%,regular ice
1711,343,15,2,,
1712,343,20,2,,
1713,343,16,2,,
1714,343,5,1,100%,no ice
1715,343,15,1,,
1716,343,14,1,,
1717,344,9,1,100%,light ice
1718,345,9,2,25%,no ice
1719,345,6,2,25%,regular ice
1720,345,18,2,,
1721,345,15,2,,
1722,345,17,2,,
1723,345,5,2,0%,no ice
1724,345,17,2,,
1725,345,16,2,,
1726,345,14,2,,
1727,346,5,2,120%,no ice
1728,347,4,2,120%,no ice
1729,347,18,2,,
1730,347,6,1,50%,extra ice
1731,347,14,1,,
1732,347,17,1,,
1733,347,2,1,120%,regular ice
1734,348,11,1,0%,light ice
1735,348,20,1,,
1736,348,15,1,,
1737,348,19,1,,
1738,348,5,2,75%,light ice
1739,348,19,2,,
1740,348,8,1,50%,light ice
1741,349,12,1,120%,light ice
1742,349,14,1,,
1743,349,17,1,,
1744,349,18,1,,
1745,349,10,1,25%,light ice
1746,349,19,1,,
1747,349,16,1,,
1748,349,18,1,,
1749,349,7,2,120%,light ice
1750,349,18,2,,
1751,349,19,2,,
1752,349,15,2,,
1753,350,4,2,50%,extra ice
1754,350,18,2,,
1755,350,16,2,,
1756,350,20,2,,
1757,350,8,1,50%,no ice
1758,351,7,1,75%,regular ice
1759,351,14,1,,
1760,351,15,1,,
1761,351,17,1,,
1762,351,6,2,120%,no ice
1763,351,19,2,,
1764,351,15,2,,
1765,351,17,2,,
1766,352,10,1,75%,light ice
1767,352,16,1,,
1768,352,18,1,,
1769,352,4,2,75%,no ice
1770,352,19,2,,
1771,352,16,2,,
1772,353,7,2,75%,extra ice
1773,353,14,2,,
1774,353,16,2,,
1775,353,8,2,120%,light ice
1776,354,8,1,75%,light ice
1777,354,20,1,,
1778,354,11,1,0%,regular ice
1779,355,1,2,75%,no ice
1780,355,20,2,,
1781,355,18,2,,
1782,355,2,1,120%,no ice
1783,355,18,1,,
1784,355,15,1,,
1785,355,3,1,100%,extra ice
1786,355,20,1,,
1787,355,15,1,,
1788,356,6,1,75%,light ice
1789,356,1,2,0%,no ice
1790,356,14,2,,
1791,356,15,2,,
1792,356,16,2,,
1793,357,1,1,25%,light ice
1794,357,19,1,,
1795,357,14,1,,
1796,357,7,1,120%,extra ice
1797,357,20,1,,
1798,357,14,1,,
1799,358,2,1,100%,extra ice
1800,359,9,1,100%,light ice
1801,359,15,1,,
1802,359,18,1,,
1803,359,16,1,,
1804,359,6,2,75%,no ice
1805,359,17,2,,
1806,359,15,2,,
1807,359,2,2,50%,extra ice
1808,359,17,2,,
1809,359,14,2,,
1810,360,7,2,100%,regular ice
1811,360,19,2,,
1812,360,18,2,,
1813,361,4,2,75%,no ice
1814,361,16,2,,
1815,361,18,2,,
1816,361,14,2,,
1817,361,8,2,25%,no ice
1818,361,17,2,,
1819,361,6,2,75%,no ice
1820,361,15,2,,
1821,361,19,2,,
1822,362,2,1,100%,light ice
1823,362,18,1,,
1824,362,15,1,,
1825,362,14,1,,
1826,363,7,1,100%,extra ice
1827,364,5,2,75%,regular ice
1828,364,14,2,,
1829,364,6,1,120%,extra ice
1830,364,19,1,,
1831,364,15,1,,
1832,365,8,2,100%,extra ice
1833,365,16,2,,
1834,365,8,1,120%,extra ice
1835,365,7,2,120%,no ice
1836,365,20,2,,
1837,366,3,1,100%,no ice
1838,366,17,1,,
1839,367,1,1,75%,extra ice
1840,367,15,1,,
1841,367,19,1,,
1842,367,18,1,,
1843,368,7,1,0%,regular ice
1844,368,16,1,,
1845,368,19,1,,
1846,368,20,1,,
1847,368,9,1,50%,regular ice
1848,368,16,1,,
1849,369,11,2,25%,regular ice
1850,369,17,2,,
1851,369,15,2,,
1852,369,16,2,,
1853,369,12,1,120%,light ice
1854,369,14,1,,
1855,369,16,1,,
1856,369,17,1,,
1857,369,3,1,25%,extra ice
1858,370,12,1,25%,light ice
1859,370,16,1,,
1860,370,14,1,,
1861,370,19,1,,
1862,370,10,1,75%,light ice
1863,370,19,1,,
1864,370,18,1,,
1865,371,6,1,120%,no ice
1866,371,16,1,,
1867,371,17,1,,
1868,372,12,2,50%,regular ice
1869,372,18,2,,
1870,372,20,2,,
1871,372,11,1,120%,light ice
1872,372,14,1,,
1873,372,12,1,25%,regular ice
1874,372,18,1,,
1875,372,14,1,,
1876,373,9,2,100%,extra ice
1877,373,20,2,,
1878,373,19,2,,
1879,374,11,1,75%,light ice
1880,374,4,1,25%,no ice
1881,374,15,1,,
1882,374,8,1,0%,regular ice
1883,375,9,2,75%,extra ice
1884,375,16,2,,
1885,375,18,2,,
1886,376,4,2,100%,extra ice
1887,376,19,2,,
1888,376,17,2,,
1889,376,16,2,,
1890,377,9,1,50%,no ice
1891,377,19,1,,
1892,377,5,2,120%,light ice
1893,377,17,2,,
1894,377,19,2,,
1895,377,16,2,,
1896,378,2,2,100%,extra ice
1897,378,14,2,,
1898,378,6,2,75%,regular ice
1899,378,18,2,,
1900,378,9,2,25%,extra ice
1901,378,19,2,,
1902,379,4,1,75%,regular ice
1903,380,5,2,50%,no ice
1904,380,18,2,,
1905,380,14,2,,
1906,380,10,2,50%,no ice
1907,380,17,2,,
1908,380,14,2,,
1909,380,16,2,,
1910,380,5,1,120%,no ice
1911,380,18,1,,
1912,380,19,1,,
1913,380,17,1,,
1914,381,3,1,75%,no ice
1915,381,14,1,,
1916,381,18,1,,
1917,381,12,1,25%,light ice
1918,382,2,1,0%,extra ice
1919,382,14,1,,
1920,382,18,1,,
1921,382,5,2,25%,no ice
1922,382,19,2,,
1923,382,15,2,,
1924,383,12,2,50%,no ice
1925,383,20,2,,
1926,383,19,2,,
1927,383,14,2,,
1928,383,2,2,25%,light ice
1929,383,3,2,75%,no ice
1930,383,19,2,,
1931,384,7,2,25%,no ice
1932,384,18,2,,
1933,384,16,2,,
1934,384,2,1,50%,extra ice
1935,384,14,1,,
1936,384,20,1,,
1937,384,19,1,,
1938,384,3,1,120%,no ice
1939,384,18,1,,
1940,384,19,1,,
1941,385,3,2,0%,light ice
1942,385,14,2,,
1943,385,19,2,,
1944,385,15,2,,
1945,386,11,1,120%,light ice
1946,386,14,1,,
1947,386,17,1,,
1948,386,12,2,50%,light ice
1949,386,18,2,,
1950,387,7,2,25%,light ice
1951,387,15,2,,
1952,387,5,2,50%,extra ice
1953,388,6,2,100%,regular ice
1954,388,20,2,,
1955,388,19,2,,
1956,388,15,2,,
1957,388,1,1,100%,extra ice
1958,388,19,1,,
1959,389,6,1,120%,regular ice
1960,389,19,1,,
1961,389,18,1,,
1962,389,9,1,120%,regular ice
1963,389,16,1,,
1964,390,8,1,50%,no ice
1965,390,17,1,,
1966,391,8,2,100%,regular ice
1967,391,19,2,,
1968,391,18,2,,
1969,391,14,2,,
1970,392,12,1,0%,regular ice
1971,392,17,1,,
1972,392,8,1,50%,regular ice
1973,392,16,1,,
1974,393,3,1,75%,light ice
1975,393,20,1,,
1976,393,18,1,,
1977,393,17,1,,
1978,393,10,2,100%,extra ice
1979,393,20,2,,
1980,393,15,2,,
1981,393,16,2,,
1982,394,6,2,100%,regular ice
1983,394,16,2,,
1984,394,14,2,,
1985,394,15,2,,
1986,394,9,2,0%,extra ice
1987,394,18,2,,
1988,394,17,2,,
1989,394,10,1,0%,light ice
1990,394,18,1,,
1991,394,19,1,,
1992,395,4,1,100%,light ice
1993,395,20,1,,
1994,395,14,1,,
1995,395,2,2,50%,light ice
1996,395,17,2,,
1997,395,15,2,,
1998,395,20,2,,
1999,395,1,1,120%,light ice
2000,395,16,1,,
2001,396,2,1,25%,light ice
2002,396,14,1,,
2003,396,19,1,,
2004,396,15,1,,
2005,396,3,1,120%,regular ice
2006,396,15,1,,
2007,396,16,1,,
2008,396,14,1,,
2009,397,9,1,120%,extra ice
2010,397,19,1,,
2011,397,17,1,,
2012,397,20,1,,
2013,397,12,2,25%,no ice
2014,397,16,2,,
2015,398,7,2,50%,regular ice
2016,398,18,2,,
2017,398,14,2,,
2018,398,16,2,,
2019,399,11,1,120%,no ice
2020,399,20,1,,
2021,399,4,2,50%,regular ice
2022,400,10,1,75%,no ice
2023,400,17,1,,
2024,400,4,2,0%,light ice
2025,400,14,2,,
2026,400,16,2,,
2027,400,17,2,,
2028,400,11,1,25%,extra ice
2029,400,16,1,,
2030,400,17,1,,
2031,401,8,2,0%,regular ice
2032,401,15,2,,
2033,401,7,2,120%,no ice
2034,401,6,2,120%,no ice
2035,402,6,2,25%,extra ice
2036,403,11,2,120%,extra ice
2037,403,5,1,75%,regular ice
2038,403,18,1,,
2039,403,16,1,,
2040,403,17,1,,
2041,404,6,1,100%,regular ice
2042,404,17,1,,
2043,404,9,1,75%,no ice
2044,404,6,1,120%,regular ice
2045,404,17,1,,
2046,404,14,1,,
2047,404,20,1,,
2048,405,1,2,0%,extra ice
2049,405,14,2,,
2050,405,18,2,,
2051,405,11,2,50%,regular ice
2052,405,19,2,,
2053,405,16,2,,
2054,406,9,2,50%,light ice
2055,406,17,2,,
2056,406,14,2,,
2057,407,6,1,50%,no ice
2058,407,19,1,,
2059,407,14,1,,
2060,407,9,1,120%,extra ice
2061,407,14,1,,
2062,408,2,2,25%,light ice
2063,408,16,2,,
2064,408,20,2,,
2065,408,17,2,,
2066,408,12,2,100%,light ice
2067,408,2,1,50%,regular ice
2068,408,18,1,,
2069,409,11,1,0%,extra ice
2070,409,19,1,,
2071,409,20,1,,
2072,409,5,1,75%,extra ice
2073,409,19,1,,
2074,409,5,2,120%,no ice
2075,410,10,1,50%,regular ice
2076,411,10,2,75%,light ice
2077,411,19,2,,
2078,411,20,2,,
2079,411,3,2,50%,no ice
2080,411,19,2,,
2081,412,5,1,0%,extra ice
2082,412,7,2,120%,light ice
2083,412,17,2,,
2084,412,18,2,,
2085,413,6,1,0%,light ice
2086,413,12,1,50%,light ice
2087,413,19,1,,
2088,413,20,1,,
2089,413,10,2,75%,extra ice
2090,413,17,2,,
2091,413,18,2,,
2092,413,14,2,,
2093,414,6,2,50%,regular ice
2094,414,17,2,,
2095,414,12,1,75%,light ice
2096,414,16,1,,
2097,414,17,1,,
2098,414,14,1,,
2099,415,10,2,0%,extra ice
2100,415,4,2,120%,regular ice
2101,415,20,2,,
2102,415,16,2,,
2103,415,8,1,120%,extra ice
2104,415,18,1,,
2105,416,3,2,100%,regular ice
2106,416,20,2,,
2107,416,14,2,,
2108,416,16,2,,
2109,416,9,1,120%,extra ice
2110,416,18,1,,
2111,416,15,1,,
2112,416,17,1,,
2113,416,10,2,0%,no ice
2114,416,15,2,,
2115,417,10,1,50%,light ice
2116,417,18,1,,
2117,417,17,1,,
2118,417,16,1,,
2119,418,7,2,100%,regular ice
2120,418,19,2,,
2121,418,14,2,,
2122,419,11,2,120%,regular ice
2123,419,20,2,,
2124,419,7,2,75%,extra ice
2125,419,15,2,,
2126,419,20,2,,
2127,419,17,2,,
2128,419,5,2,0%,regular ice
2129,419,19,2,,
2130,420,7,2,100%,extra ice
2131,420,15,2,,
2132,420,19,2,,
2133,420,14,2,,
2134,421,4,2,25%,no ice
2135,421,6,1,100%,light ice
2136,421,19,1,,
2137,421,14,1,,
2138,421,16,1,,
2139,421,1,1,120%,extra ice
2140,421,17,1,,
2141,422,12,2,25%,light ice
2142,422,16,2,,
2143,422,3,1,50%,no ice
2144,422,18,1,,
2145,423,8,1,25%,extra ice
2146,423,17,1,,
2147,423,9,2,120%,no ice
2148,423,15,2,,
2149,424,12,1,0%,no ice
2150,424,20,1,,
2151,424,18,1,,
2152,424,17,1,,
2153,424,7,2,0%,extra ice
2154,425,10,2,120%,no ice
2155,425,20,2,,
2156,425,19,2,,
2157,425,14,2,,
2158,425,5,2,75%,no ice
2159,425,19,2,,
2160,425,18,2,,
2161,425,17,2,,
2162,425,7,1,0%,no ice
2163,425,20,1,,
2164,425,18,1,,
2165,426,12,2,25%,regular ice
2166,426,15,2,,
2167,426,20,2,,
2168,427,4,2,50%,no ice
2169,427,8,1,120%,extra ice
2170,427,16,1,,
2171,427,20,1,,
2172,428,8,2,50%,extra ice
2173,428,18,2,,
2174,428,14,2,,
2175,428,3,1,25%,regular ice
2176,428,16,1,,
2177,428,10,2,50%,regular ice
2178,428,18,2,,
2179,429,5,2,75%,extra ice
2180,429,19,2,,
2181,429,12,2,25%,light ice
2182,429,16,2,,
2183,429,19,2,,
2184,429,15,2,,
2185,429,1,1,25%,regular ice
2186,430,6,2,120%,extra ice
2187,430,16,2,,
2188,430,11,2,25%,regular ice
2189,430,20,2,,
2190,430,17,2,,
2191,430,15,2,,
2192,431,8,2,25%,extra ice
2193,431,11,1,0%,regular ice
2194,431,15,1,,
2195,431,20,1,,
2196,431,3,1,50%,no ice
2197,431,17,1,,
2198,431,20,1,,
2199,432,11,1,0%,light ice
2200,432,19,1,,
2201,432,14,1,,
2202,432,7,2,120%,no ice
2203,432,5,1,100%,no ice
2204,432,18,1,,
2205,432,20,1,,
2206,432,15,1,,
2207,433,5,1,120%,light ice
2208,433,19,1,,
2209,434,8,2,25%,no ice
2210,434,14,2,,
2211,434,19,2,,
2212,434,4,1,120%,no ice
2213,434,14,1,,
2214,434,15,1,,
2215,434,4,2,25%,extra ice
2216,435,1,1,50%,no ice
2217,435,14,1,,
2218,435,17,1,,
2219,435,20,1,,
2220,435,8,1,25%,no ice
2221,435,16,1,,
2222,435,18,1,,
2223,435,14,1,,
2224,435,10,2,75%,no ice
2225,435,18,2,,
2226,436,10,2,75%,no ice
2227,436,18,2,,
2228,436,16,2,,
2229,436,17,2,,
2230,436,11,2,25%,regular ice
2231,436,19,2,,
2232,436,16,2,,
2233,436,5,2,100%,light ice
2234,436,19,2,,
2235,436,18,2,,
2236,437,5,1,120%,extra ice
2237,437,17,1,,
2238,437,1,2,50%,extra ice
2239,437,15,2,,
2240,437,2,1,75%,regular ice
2241,437,16,1,,
2242,437,19,1,,
2243,437,18,1,,
2244,438,4,1,0%,light ice
2245,438,18,1,,
2246,438,16,1,,
2247,439,9,2,75%,no ice
2248,439,18,2,,
2249,439,11,1,25%,regular ice
2250,439,20,1,,
2251,440,3,2,25%,light ice
2252,440,19,2,,
2253,440,18,2,,
2254,440,17,2,,
2255,440,12,2,50%,light ice
2256,440,20,2,,
2257,440,16,2,,
2258,440,19,2,,
2259,441,5,2,50%,regular ice
2260,441,16,2,,
2261,441,17,2,,
2262,441,18,2,,
2263,442,7,1,0%,extra ice
2264,442,16,1,,
2265,442,19,1,,
2266,442,15,1,,
2267,442,8,1,50%,no ice
2268,442,19,1,,
2269,443,5,1,50%,regular ice
2270,443,17,1,,
2271,443,20,1,,
2272,443,6,1,100%,light ice
2273,443,20,1,,
2274,443,16,1,,
2275,443,14,1,,
2276,443,2,2,25%,light ice
2277,443,19,2,,
2278,443,18,2,,
2279,443,17,2,,
2280,444,11,1,75%,extra ice
2281,444,18,1,,
2282,444,20,1,,
2283,445,1,2,0%,no ice
2284,445,18,2,,
2285,445,16,2,,
2286,445,8,2,50%,no ice
2287,445,19,2,,
2288,446,6,1,120%,extra ice
2289,446,18,1,,
2290,447,10,2,25%,no ice
2291,447,16,2,,
2292,447,10,2,100%,regular ice
2293,448,2,2,120%,regular ice
2294,448,19,2,,
2295,448,15,2,,
2296,448,20,2,,
2297,449,8,2,25%,extra ice
2298,449,15,2,,
2299,449,19,2,,
2300,449,12,1,50%,regular ice
2301,449,14,1,,
2302,450,7,2,75%,extra ice
2303,450,9,1,0%,regular ice
2304,450,14,1,,
2305,450,18,1,,
2306,450,16,1,,
2307,450,9,2,75%,regular ice
2308,451,2,1,100%,no ice
2309,451,20,1,,
2310,451,9,1,0%,extra ice
2311,451,11,2,75%,regular ice
2312,451,19,2,,
2313,451,15,2,,
2314,451,16,2,,
2315,452,3,2,120%,regular ice
2316,452,14,2,,
2317,452,17,2,,
2318,452,18,2,,
2319,453,1,1,100%,extra ice
2320,453,4,1,50%,extra ice
2321,453,20,1,,
2322,453,15,1,,
2323,454,11,1,50%,extra ice
2324,454,19,1,,
2325,454,18,1,,
2326,454,3,1,25%,light ice
2327,454,15,1,,
2328,454,14,1,,
2329,454,1,1,100%,no ice
2330,454,14,1,,
2331,454,16,1,,
2332,455,4,1,120%,light ice
2333,455,15,1,,
2334,455,17,1,,
2335,455,5,2,25%,light ice
2336,456,8,1,0%,extra ice
2337,456,20,1,,
2338,456,19,1,,
2339,456,15,1,,
2340,457,1,2,75%,extra ice
2341,457,15,2,,
2342,457,7,1,100%,no ice
2343,457,18,1,,
2344,458,12,1,100%,no ice
2345,458,14,1,,
2346,458,8,2,120%,regular ice
2347,458,15,2,,
2348,458,20,2,,
2349,458,14,2,,
2350,458,9,2,50%,extra ice
2351,459,1,2,0%,extra ice
2352,459,20,2,,
2353,459,14,2,,
2354,459,16,2,,
2355,459,6,2,50%,no ice
2356,459,15,2,,
2357,459,19,2,,
2358,460,11,2,120%,extra ice
2359,461,12,1,120%,regular ice
2360,461,20,1,,
2361,461,4,1,25%,no ice
2362,461,15,1,,
2363,462,8,1,0%,no ice
2364,462,16,1,,
2365,462,18,1,,
2366,462,7,1,25%,extra ice
2367,462,18,1,,
2368,462,3,2,120%,light ice
2369,463,1,2,75%,light ice
2370,463,19,2,,
2371,463,16,2,,
2372,463,20,2,,
2373,464,6,2,0%,no ice
2374,464,8,2,0%,light ice
2375,464,9,1,75%,light ice
2376,465,6,2,25%,no ice
2377,466,8,2,75%,extra ice
2378,466,20,2,,
2379,467,11,2,0%,regular ice
2380,467,16,2,,
2381,467,15,2,,
2382,467,20,2,,
2383,467,11,1,100%,regular ice
2384,467,17,1,,
2385,467,19,1,,
2386,467,18,1,,
2387,467,4,1,25%,light ice
2388,467,15,1,,
2389,468,2,2,120%,no ice
2390,468,18,2,,
2391,468,14,2,,
2392,468,4,1,25%,regular ice
2393,468,16,1,,
2394,468,19,1,,
2395,468,8,1,120%,regular ice
2396,468,17,1,,
2397,468,16,1,,
2398,469,3,2,100%,no ice
2399,469,4,1,25%,no ice
2400,469,4,2,25%,extra ice
2401,470,8,1,75%,regular ice
2402,470,17,1,,
2403,470,15,1,,
2404,470,20,1,,
2405,470,10,1,50%,extra ice
2406,470,19,1,,
2407,470,18,1,,
2408,470,6,2,50%,light ice
2409,470,20,2,,
2410,470,17,2,,
2411,471,8,2,120%,no ice
2412,471,14,2,,
2413,471,16,2,,
2414,471,7,1,120%,no ice
2415,471,4,1,75%,no ice
2416,471,15,1,,
2417,471,16,1,,
2418,472,8,1,75%,no ice
2419,472,20,1,,
2420,472,18,1,,
2421,472,15,1,,
2422,472,3,1,120%,light ice
2423,472,19,1,,
2424,473,6,1,100%,light ice
2425,473,18,1,,
2426,473,15,1,,
2427,473,12,2,100%,light ice
2428,473,14,2,,
2429,473,11,1,25%,light ice
2430,473,20,1,,
2431,473,15,1,,
2432,473,16,1,,
2433,474,7,2,50%,extra ice
2434,474,17,2,,
2435,474,16,2,,
2436,474,15,2,,
2437,475,5,2,0%,no ice
2438,475,15,2,,
2439,475,19,2,,
2440,475,10,1,100%,no ice
2441,475,15,1,,
2442,475,20,1,,
2443,475,17,1,,
2444,475,3,1,25%,extra ice
2445,475,17,1,,
2446,475,18,1,,
2447,475,15,1,,
2448,476,6,2,0%,light ice
2449,476,17,2,,
2450,477,12,1,120%,light ice
2451,477,15,1,,
2452,477,19,1,,
2453,477,16,1,,
2454,478,1,2,120%,no ice
2455,478,11,1,100%,extra ice
2456,478,16,1,,
2457,478,14,1,,
2458,478,18,1,,
2459,479,10,1,75%,light ice
2460,479,16,1,,
2461,479,14,1,,
2462,479,7,2,50%,no ice
2463,479,18,2,,
2464,479,15,2,,
2465,479,17,2,,
2466,479,5,1,25%,no ice
2467,479,15,1,,
2468,479,19,1,,
2469,480,12,1,75%,extra ice
2470,480,5,2,120%,regular ice
2471,480,17,2,,
2472,480,19,2,,
2473,481,6,1,0%,no ice
2474,481,15,1,,
2475,481,18,1,,
2476,481,17,1,,
2477,481,4,2,100%,extra ice
2478,482,8,2,100%,extra ice
2479,482,10,1,0%,no ice
2480,482,4,2,50%,extra ice
2481,483,11,1,75%,extra ice
2482,483,20,1,,
2483,483,19,1,,
2484,483,17,1,,
2485,483,11,1,0%,light ice
2486,484,6,2,0%,regular ice
2487,484,12,2,75%,regular ice
2488,484,16,2,,
2489,484,15,2,,
2490,484,5,2,75%,no ice
2491,484,19,2,,
2492,484,20,2,,
2493,484,16,2,,
2494,485,4,2,100%,regular ice
2495,485,20,2,,
2496,485,15,2,,
2497,486,2,1,50%,regular ice
2498,486,20,1,,
2499,486,16,1,,
2500,486,2,2,120%,no ice
2501,486,18,2,,
2502,486,17,2,,
2503,487,3,2,75%,light ice
2504,487,16,2,,
2505,487,20,2,,
2506,487,17,2,,
2507,487,6,2,25%,light ice
2508,487,2,2,25%,regular ice
2509,487,17,2,,
2510,488,12,1,0%,light ice
2511,488,12,2,100%,extra ice
2512,488,19,2,,
2513,488,6,2,100%,regular ice
2514,488,17,2,,
2515,489,12,2,50%,no ice
2516,489,17,2,,
2517,490,4,2,100%,light ice
2518,491,4,1,120%,light ice
2519,491,17,1,,
2520,491,11,1,25%,light ice
2521,491,15,1,,
2522,491,14,1,,
2523,492,8,1,75%,extra ice
2524,492,15,1,,
2525,492,18,1,,
2526,492,19,1,,
2527,492,7,2,120%,extra ice
2528,492,20,2,,
2529,492,16,2,,
2530,492,7,1,50%,regular ice
2531,492,18,1,,
2532,492,16,1,,
2533,493,12,1,25%,regular ice
2534,493,14,1,,
2535,494,12,1,75%,regular ice
2536,494,19,1,,
2537,494,6,2,120%,light ice
2538,494,18,2,,
2539,494,14,2,,
2540,494,8,2,100%,extra ice
2541,494,14,2,,
2542,494,15,2,,
2543,494,20,2,,
2544,495,8,2,100%,no ice
2545,495,20,2,,
2546,495,19,2,,
2547,495,15,2,,
2548,495,2,1,120%,regular ice
2549,495,18,1,,
2550,495,16,1,,
2551,495,12,2,0%,extra ice
2552,495,17,2,,
2553,496,11,2,75%,regular ice
2554,496,15,2,,
2555,496,18,2,,
2556,497,7,1,25%,regular ice
2557,497,12,1,50%,no ice
2558,497,9,1,75%,light ice
2559,497,18,1,,
2560,498,3,1,0%,extra ice
2561,498,14,1,,
2562,498,20,1,,
2563,499,10,2,120%,extra ice
2564,499,19,2,,
2565,499,17,2,,
2566,499,15,2,,
2567,499,6,2,25%,no ice
2568,499,15,2,,
2569,499,19,2,,
2570,500,5,1,75%,no ice
2571,500,17,1,,
2572,500,15,1,,
2573,500,4,2,50%,no ice
2574,500,20,2,,
2575,500,14,2,,
2576,500,18,2,,
2577,501,1,1,100%,no ice
2578,501,14,1,,
2579,501,15,1,,
2580,501,1,1,100%,no ice
2581,501,17,1,,
2582,501,16,1,,
2583,502,10,1,100%,regular ice
2584,502,15,1,,
2585,503,10,1,75%,light ice
2586,503,14,1,,
2587,503,19,1,,
2588,503,3,1,100%,regular ice
2589,503,19,1,,
2590,503,15,1,,
2591,503,18,1,,
2592,503,3,1,75%,no ice
2593,504,5,1,0%,regular ice
2594,504,14,1,,
2595,504,8,2,25%,light ice
2596,504,19,2,,
2597,504,18,2,,
2598,504,17,2,,
2599,505,2,2,120%,no ice
2600,505,16,2,,
2601,505,3,1,25%,extra ice
2602,505,14,1,,
2603,505,16,1,,
2604,505,20,1,,
2605,506,11,1,120%,no ice
2606,506,18,1,,
2607,506,20,1,,
2608,506,10,1,120%,extra ice
2609,506,16,1,,
2610,506,15,1,,
2611,507,4,2,50%,extra ice
2612,507,17,2,,
2613,507,14,2,,
2614,507,20,2,,
2615,507,1,2,75%,no ice
2616,507,18,2,,
2617,507,17,2,,
2618,507,16,2,,
2619,508,5,1,120%,no ice
2620,508,14,1,,
2621,508,5,2,100%,light ice
2622,509,1,2,0%,regular ice
2623,509,16,2,,
2624,509,9,1,0%,extra ice
2625,509,19,1,,
2626,509,20,1,,
2627,509,1,2,25%,no ice
2628,509,15,2,,
2629,510,6,2,0%,light ice
2630,510,18,2,,
2631,510,11,1,100%,no ice
2632,510,15,1,,
2633,510,19,1,,
2634,510,14,1,,
2635,510,5,2,0%,light ice
2636,510,17,2,,
2637,511,6,1,75%,no ice
2638,511,18,1,,
2639,512,10,2,120%,regular ice
2640,512,15,2,,
2641,512,19,2,,
2642,513,5,2,75%,no ice
2643,513,17,2,,
2644,513,16,2,,
2645,513,15,2,,
2646,513,8,2,50%,no ice
2647,513,12,1,75%,light ice
2648,514,2,2,0%,light ice
2649,514,3,1,100%,regular ice
2650,514,19,1,,
2651,514,20,1,,
2652,514,12,2,75%,regular ice
2653,514,20,2,,
2654,514,18,2,,
2655,515,2,1,0%,extra ice
2656,515,9,1,75%,light ice
2657,516,8,1,0%,no ice
2658,516,7,1,25%,no ice
2659,516,17,1,,
2660,517,6,2,75%,light ice
2661,517,11,1,100%,light ice
2662,517,14,1,,
2663,517,18,1,,
2664,517,1,2,25%,regular ice
2665,517,16,2,,
2666,518,4,2,120%,no ice
2667,518,15,2,,
2668,518,16,2,,
2669,518,18,2,,
2670,518,2,1,25%,light ice
2671,518,19,1,,
2672,518,20,1,,
2673,519,1,1,75%,no ice
2674,519,18,1,,
2675,519,15,1,,
2676,519,3,1,100%,regular ice
2677,520,2,1,75%,no ice
2678,520,16,1,,
2679,520,14,1,,
2680,520,3,1,0%,light ice
2681,520,14,1,,
2682,520,18,1,,
2683,520,20,1,,
2684,520,7,1,100%,no ice
2685,521,9,2,0%,no ice
2686,521,16,2,,
2687,521,19,2,,
2688,521,18,2,,
2689,521,7,2,75%,light ice
2690,521,16,2,,
2691,521,19,2,,
2692,521,8,2,75%,light ice
2693,521,15,2,,
2694,521,20,2,,
2695,522,11,2,120%,light ice
2696,522,15,2,,
2697,522,16,2,,
2698,522,12,2,0%,extra ice
2699,522,14,2,,
2700,523,7,2,120%,light ice
2701,523,20,2,,
2702,523,11,2,50%,light ice
2703,523,17,2,,
2704,523,20,2,,
2705,523,19,2,,
2706,524,7,2,75%,regular ice
2707,524,19,2,,
2708,524,17,2,,
2709,524,3,1,120%,light ice
2710,524,19,1,,
2711,525,10,2,25%,regular ice
2712,525,16,2,,
2713,525,19,2,,
2714,525,20,2,,
2715,526,7,1,25%,extra ice
2716,526,16,1,,
2717,526,18,1,,
2718,526,17,1,,
2719,527,4,1,25%,regular ice
2720,527,18,1,,
2721,527,17,1,,
2722,527,15,1,,
2723,528,1,2,120%,light ice
2724,528,16,2,,
2725,528,12,2,120%,light ice
2726,528,15,2,,
2727,529,6,1,75%,light ice
2728,529,16,1,,
2729,529,18,1,,
2730,529,19,1,,
2731,529,9,1,120%,no ice
2732,530,1,2,0%,no ice
2733,531,6,1,25%,light ice
2734,531,20,1,,
2735,531,14,1,,
2736,531,6,2,100%,regular ice
2737,531,16,2,,
2738,531,19,2,,
2739,531,15,2,,
2740,532,5,1,0%,light ice
2741,532,17,1,,
2742,532,2,1,100%,extra ice
2743,532,19,1,,
2744,532,16,1,,
2745,532,15,1,,
2746,533,11,1,25%,extra ice
2747,534,7,2,75%,extra ice
2748,534,20,2,,
2749,535,10,2,120%,regular ice
2750,535,17,2,,
2751,536,8,2,120%,regular ice
2752,537,2,2,25%,light ice
2753,537,15,2,,
2754,537,14,2,,
2755,537,20,2,,
2756,537,11,1,50%,regular ice
2757,537,18,1,,
2758,537,17,1,,
2759,538,10,1,100%,extra ice
2760,538,20,1,,
2761,538,16,1,,
2762,539,9,2,50%,no ice
2763,539,15,2,,
2764,539,14,2,,
2765,540,4,2,120%,regular ice
2766,540,17,2,,
2767,540,16,2,,
2768,540,14,2,,
2769,540,5,1,120%,extra ice
2770,540,18,1,,
2771,540,14,1,,
2772,540,3,1,100%,no ice
2773,540,17,1,,
2774,540,15,1,,
2775,541,7,2,75%,no ice
2776,541,16,2,,
2777,541,20,2,,
2778,541,18,2,,
2779,541,7,1,75%,regular ice
2780,541,19,1,,
2781,541,16,1,,
2782,542,4,2,75%,regular ice
2783,542,8,2,120%,no ice
2784,542,1,1,25%,no ice
2785,543,6,1,0%,light ice
2786,544,1,2,120%,no ice
2787,545,10,2,120%,extra ice
2788,546,2,1,0%,light ice
2789,546,3,1,0%,no ice
2790,546,20,1,,
2791,546,19,1,,
2792,546,15,1,,
2793,546,4,2,0%,no ice
2794,546,19,2,,
2795,546,18,2,,
2796,547,8,1,25%,extra ice
2797,547,16,1,,
2798,547,19,1,,
2799,547,18,1,,
2800,548,8,1,25%,no ice
2801,548,15,1,,
2802,549,3,1,100%,light ice
2803,549,4,1,25%,regular ice
2804,549,17,1,,
2805,550,10,2,50%,extra ice
2806,550,17,2,,
2807,550,5,1,50%,light ice
2808,550,16,1,,
2809,550,15,1,,
2810,550,2,2,0%,no ice
2811,550,19,2,,
2812,550,14,2,,
2813,551,7,1,0%,extra ice
2814,551,6,1,100%,regular ice
2815,551,19,1,,
2816,551,16,1,,
2817,551,8,2,50%,extra ice
2818,551,16,2,,
2819,551,17,2,,
2820,551,20,2,,
2821,552,12,1,25%,light ice
2822,552,12,2,50%,extra ice
2823,552,16,2,,
2824,552,17,2,,
2825,552,19,2,,
2826,552,8,1,75%,light ice
2827,552,17,1,,
2828,552,14,1,,
2829,552,15,1,,
2830,553,7,2,120%,light ice
2831,553,14,2,,
2832,553,17,2,,
2833,553,11,1,25%,light ice
2834,553,14,1,,
2835,554,7,2,75%,light ice
2836,554,15,2,,
2837,554,14,2,,
2838,555,7,2,25%,regular ice
2839,555,15,2,,
2840,555,8,2,100%,extra ice
2841,555,20,2,,
2842,555,15,2,,
2843,555,17,2,,
2844,556,1,1,50%,no ice
2845,556,19,1,,
2846,556,17,1,,
2847,556,10,1,50%,light ice
2848,556,20,1,,
2849,556,15,1,,
2850,556,17,1,,
2851,556,8,1,0%,regular ice
2852,556,19,1,,
2853,556,16,1,,
2854,557,10,1,75%,no ice
2855,557,16,1,,
2856,557,19,1,,
2857,557,6,2,120%,light ice
2858,557,14,2,,
2859,557,20,2,,
2860,557,17,2,,
2861,557,6,1,75%,light ice
2862,557,19,1,,
2863,557,15,1,,
2864,558,11,2,75%,regular ice
2865,558,19,2,,
2866,558,15,2,,
2867,558,3,1,50%,light ice
2868,558,17,1,,
2869,559,8,1,0%,regular ice
2870,559,20,1,,
2871,559,15,1,,
2872,559,18,1,,
2873,559,6,2,0%,extra ice
2874,559,14,2,,
2875,559,17,2,,
2876,559,7,1,25%,regular ice
2877,559,20,1,,
2878,559,14,1,,
2879,560,4,2,25%,no ice
2880,560,20,2,,
2881,560,18,2,,
2882,560,8,2,100%,light ice
2883,560,17,2,,
2884,560,16,2,,
2885,561,9,1,25%,light ice
2886,561,19,1,,
2887,561,14,1,,
2888,561,12,1,25%,regular ice
2889,561,17,1,,
2890,561,19,1,,
2891,561,14,1,,
2892,561,5,1,50%,light ice
2893,561,14,1,,
2894,561,20,1,,
2895,562,11,2,75%,no ice
2896,562,20,2,,
2897,562,15,2,,
2898,562,17,2,,
2899,562,11,2,75%,light ice
2900,562,14,2,,
2901,562,16,2,,
2902,562,8,2,50%,light ice
2903,562,15,2,,
2904,562,18,2,,
2905,563,6,1,0%,no ice
2906,563,18,1,,
2907,563,17,1,,
2908,564,3,1,50%,extra ice
2909,564,19,1,,
2910,564,16,1,,
2911,564,17,1,,
2912,564,3,2,50%,no ice
2913,564,18,2,,
2914,564,20,2,,
2915,565,9,2,0%,light ice
2916,566,3,1,25%,no ice
2917,566,14,1,,
2918,567,6,2,50%,no ice
2919,567,20,2,,
2920,567,14,2,,
2921,567,8,2,75%,no ice
2922,567,19,2,,
2923,567,15,2,,
2924,567,18,2,,
2925,568,4,1,75%,light ice
2926,568,15,1,,
2927,568,20,1,,
2928,569,11,1,120%,no ice
2929,569,17,1,,
2930,570,1,1,25%,light ice
2931,570,18,1,,
2932,571,6,1,75%,extra ice
2933,571,17,1,,
2934,571,14,1,,
2935,571,11,1,120%,extra ice
2936,572,10,1,0%,light ice
2937,572,14,1,,
2938,572,16,1,,
2939,572,20,1,,
2940,573,6,2,100%,light ice
2941,573,15,2,,
2942,573,9,2,0%,regular ice
2943,573,18,2,,
2944,573,17,2,,
2945,573,3,2,25%,regular ice
2946,573,16,2,,
2947,574,7,2,0%,regular ice
2948,574,8,1,100%,extra ice
2949,574,14,1,,
2950,575,7,1,0%,light ice
2951,575,20,1,,
2952,575,19,1,,
2953,576,4,2,100%,regular ice
2954,576,14,2,,
2955,576,19,2,,
2956,576,15,2,,
2957,576,10,1,50%,light ice
2958,576,14,1,,
2959,576,15,1,,
2960,576,3,2,50%,light ice
2961,576,19,2,,
2962,576,16,2,,
2963,576,17,2,,
2964,577,10,2,25%,extra ice
2965,577,20,2,,
2966,577,19,2,,
2967,577,4,1,0%,no ice
2968,578,1,1,0%,regular ice
2969,578,17,1,,
2970,578,20,1,,
2971,578,12,1,100%,light ice
2972,578,6,2,25%,light ice
2973,578,14,2,,
2974,578,16,2,,
2975,579,11,1,0%,regular ice
2976,579,5,2,25%,regular ice
2977,579,14,2,,
2978,580,12,2,120%,no ice
2979,580,14,2,,
2980,580,2,2,0%,light ice
2981,580,16,2,,
2982,580,14,2,,
2983,580,12,1,100%,extra ice
2984,580,15,1,,
2985,581,7,1,120%,extra ice
2986,582,7,1,75%,extra ice
2987,582,10,2,0%,no ice
2988,582,19,2,,
2989,582,17,2,,
2990,583,5,1,0%,regular ice
2991,583,19,1,,
2992,584,1,2,120%,no ice
2993,584,20,2,,
2994,584,15,2,,
2995,584,14,2,,
2996,584,5,2,50%,no ice
2997,584,20,2,,
2998,584,17,2,,
2999,584,18,2,,
3000,585,6,1,120%,regular ice
3001,585,19,1,,
3002,585,20,1,,
3003,586,7,2,25%,extra ice
3004,586,16,2,,
3005,586,20,2,,
3006,586,15,2,,
3007,586,11,2,75%,extra ice
3008,586,14,2,,
3009,586,18,2,,
3010,586,16,2,,
3011,587,6,2,50%,extra ice
3012,587,14,2,,
3013,588,9,2,120%,light ice
3014,588,20,2,,
3015,588,10,2,25%,light ice
3016,589,2,1,100%,no ice
3017,589,5,1,100%,light ice
3018,589,17,1,,
3019,589,14,1,,
3020,590,12,2,50%,extra ice
3021,590,18,2,,
3022,590,6,1,120%,extra ice
3023,590,19,1,,
3024,591,8,1,25%,light ice
3025,591,8,2,25%,no ice
3026,591,20,2,,
3027,591,7,1,50%,light ice
3028,591,14,1,,
3029,592,1,1,50%,no ice
3030,592,20,1,,
3031,593,2,2,0%,regular ice
3032,593,7,1,50%,extra ice
3033,593,16,1,,
3034,593,17,1,,
3035,593,6,2,25%,regular ice
3036,593,19,2,,
3037,593,18,2,,
3038,593,20,2,,
3039,594,11,2,75%,no ice
3040,594,16,2,,
3041,594,14,2,,
3042,595,12,1,75%,extra ice
3043,595,19,1,,
3044,595,18,1,,
3045,595,20,1,,
3046,595,6,1,120%,extra ice
3047,595,14,1,,
3048,595,17,1,,
3049,595,20,1,,
3050,596,5,1,100%,no ice
3051,596,19,1,,
3052,596,12,2,120%,no ice
3053,596,19,2,,
3054,596,16,2,,
3055,596,15,2,,
3056,597,8,2,0%,regular ice
3057,597,15,2,,
3058,597,18,2,,
3059,597,17,2,,
3060,597,2,1,0%,light ice
3061,597,14,1,,
3062,597,18,1,,
3063,597,15,1,,
3064,597,8,1,50%,extra ice
3065,597,18,1,,
3066,597,14,1,,
3067,598,9,2,75%,light ice
3068,598,20,2,,
3069,598,15,2,,
3070,598,1,2,50%,regular ice
3071,598,11,1,25%,no ice
3072,598,17,1,,
3073,598,15,1,,
3074,598,14,1,,
3075,599,12,2,120%,light ice
3076,599,5,2,25%,light ice
3077,599,15,2,,
3078,599,19,2,,
3079,599,17,2,,
3080,600,2,1,0%,light ice
3081,600,19,1,,
3082,600,10,2,100%,no ice
3083,600,16,2,,
3084,600,19,2,,
3085,600,17,2,,
3086,600,1,1,120%,regular ice
3087,600,17,1,,
3088,600,14,1,,
3089,600,16,1,,
3090,601,9,1,120%,extra ice
3091,601,2,2,50%,regular ice
3092,601,18,2,,
3093,601,15,2,,
3094,601,19,2,,
3095,602,1,1,25%,no ice
3096,602,17,1,,
3097,603,9,2,50%,regular ice
3098,603,11,1,25%,extra ice
3099,603,4,2,25%,light ice
3100,603,19,2,,
3101,604,7,1,0%,regular ice
3102,604,2,1,100%,regular ice
3103,604,20,1,,
3104,604,15,1,,
3105,604,6,1,25%,extra ice
3106,604,19,1,,
3107,605,8,1,75%,light ice
3108,605,17,1,,
3109,605,9,1,120%,no ice
3110,605,20,1,,
3111,606,3,1,0%,extra ice
3112,606,15,1,,
3113,606,11,1,75%,regular ice
3114,606,17,1,,
3115,606,14,1,,
3116,606,7,2,0%,regular ice
3117,607,11,2,120%,regular ice
3118,607,18,2,,
3119,607,15,2,,
3120,607,19,2,,
3121,608,10,1,100%,extra ice
3122,608,18,1,,
3123,608,9,1,50%,extra ice
3124,608,18,1,,
3125,608,14,1,,
3126,608,17,1,,
3127,609,9,1,0%,light ice
3128,609,16,1,,
3129,609,17,1,,
3130,610,8,2,120%,regular ice
3131,610,16,2,,
3132,610,17,2,,
3133,610,9,1,75%,extra ice
3134,610,16,1,,
3135,610,14,1,,
3136,610,17,1,,
3137,611,9,2,100%,no ice
3138,611,16,2,,
3139,611,20,2,,
3140,611,10,2,100%,light ice
3141,611,15,2,,
3142,611,18,2,,
3143,612,6,2,50%,light ice
3144,612,16,2,,
3145,612,20,2,,
3146,612,18,2,,
3147,613,11,1,120%,light ice
3148,613,15,1,,
3149,613,19,1,,
3150,613,11,1,50%,regular ice
3151,613,18,1,,
3152,613,20,1,,
3153,613,15,1,,
3154,614,12,1,120%,regular ice
3155,614,18,1,,
3156,615,6,2,25%,extra ice
3157,615,17,2,,
3158,615,8,2,120%,regular ice
3159,615,15,2,,
3160,615,16,2,,
3161,615,10,1,0%,regular ice
3162,615,20,1,,
3163,615,18,1,,
3164,615,17,1,,
3165,616,2,2,25%,regular ice
3166,616,18,2,,
3167,616,20,2,,
3168,616,16,2,,
3169,617,10,2,75%,light ice
3170,617,7,1,120%,extra ice
3171,617,17,1,,
3172,617,20,1,,
3173,617,16,1,,
3174,617,2,1,25%,light ice
3175,617,20,1,,
3176,617,14,1,,
3177,618,2,2,50%,no ice
3178,618,20,2,,
3179,619,12,1,120%,extra ice
3180,620,10,1,0%,no ice
3181,620,18,1,,
3182,620,19,1,,
3183,620,5,1,50%,extra ice
3184,620,15,1,,
3185,620,10,2,100%,regular ice
3186,620,15,2,,
3187,621,9,1,100%,regular ice
3188,621,20,1,,
3189,622,4,1,100%,no ice
3190,622,10,2,120%,regular ice
3191,623,4,1,75%,light ice
3192,623,18,1,,
3193,623,15,1,,
3194,623,19,1,,
3195,624,5,1,0%,no ice
3196,624,17,1,,
3197,624,18,1,,
3198,625,7,1,75%,light ice
3199,625,2,2,75%,extra ice
3200,625,19,2,,
3201,625,7,1,100%,extra ice
3202,625,15,1,,
3203,625,19,1,,
3204,626,7,2,100%,regular ice
3205,626,8,2,100%,extra ice
3206,626,16,2,,
3207,627,12,1,0%,extra ice
3208,627,15,1,,
3209,627,20,1,,
3210,627,16,1,,
3211,628,7,2,50%,light ice
3212,628,17,2,,
3213,628,10,1,75%,no ice
3214,629,12,2,0%,extra ice
3215,629,17,2,,
3216,629,14,2,,
3217,629,8,2,75%,extra ice
3218,630,5,2,50%,light ice
3219,630,16,2,,
3220,630,17,2,,
3221,630,3,1,25%,light ice
3222,631,6,1,0%,light ice
3223,631,14,1,,
3224,631,10,2,120%,no ice
3225,632,5,2,75%,light ice
3226,632,20,2,,
3227,632,7,1,50%,light ice
3228,632,16,1,,
3229,632,15,1,,
3230,632,18,1,,
3231,632,2,1,25%,no ice
3232,632,16,1,,
3233,633,8,1,75%,light ice
3234,633,4,1,100%,no ice
3235,633,5,2,25%,no ice
3236,633,19,2,,
3237,633,15,2,,
3238,634,9,1,25%,light ice
3239,634,20,1,,
3240,634,15,1,,
3241,635,9,2,0%,no ice
3242,635,15,2,,
3243,635,1,1,75%,light ice
3244,635,20,1,,
3245,636,6,2,100%,regular ice
3246,636,17,2,,
3247,636,3,1,120%,no ice
3248,636,19,1,,
3249,636,10,2,0%,no ice
3250,636,14,2,,
3251,637,8,2,100%,extra ice
3252,637,18,2,,
3253,637,17,2,,
3254,637,20,2,,
3255,637,6,2,100%,extra ice
3256,637,15,2,,
3257,637,18,2,,
3258,637,17,2,,
3259,638,1,2,25%,no ice
3260,638,14,2,,
3261,638,18,2,,
3262,639,7,2,75%,regular ice
3263,639,6,1,75%,light ice
3264,639,17,1,,
3265,640,3,2,75%,light ice
3266,640,15,2,,
3267,640,20,2,,
3268,640,14,2,,
3269,640,4,2,75%,regular ice
3270,640,17,2,,
3271,640,19,2,,
3272,640,20,2,,
3273,640,6,1,25%,extra ice
3274,640,14,1,,
3275,640,15,1,,
3276,640,19,1,,
3277,641,2,1,50%,regular ice
3278,641,17,1,,
3279,641,20,1,,
3280,641,11,2,75%,no ice
3281,641,20,2,,
3282,641,18,2,,
3283,641,9,2,75%,no ice
3284,642,6,1,25%,regular ice
3285,642,2,1,25%,regular ice
3286,643,4,1,120%,regular ice
3287,643,17,1,,
3288,643,16,1,,
3289,643,18,1,,
3290,643,8,2,50%,regular ice
3291,643,14,2,,
3292,643,18,2,,
3293,643,10,2,0%,extra ice
3294,643,20,2,,
3295,643,18,2,,
3296,643,14,2,,
3297,644,9,1,120%,no ice
3298,644,16,1,,
3299,644,19,1,,
3300,644,17,1,,
3301,644,12,1,120%,regular ice
3302,644,20,1,,
3303,644,4,2,0%,extra ice
3304,644,15,2,,
3305,644,14,2,,
3306,644,19,2,,
3307,645,1,2,25%,light ice
3308,645,17,2,,
3309,645,3,1,75%,regular ice
3310,646,3,2,0%,regular ice
3311,647,8,1,25%,extra ice
3312,648,8,2,50%,regular ice
3313,648,18,2,,
3314,648,20,2,,
3315,648,9,2,120%,regular ice
3316,648,19,2,,
3317,648,11,1,120%,regular ice
3318,648,20,1,,
3319,649,7,2,75%,regular ice
3320,649,17,2,,
3321,649,19,2,,
3322,650,1,2,100%,regular ice
3323,650,3,1,100%,light ice
3324,650,17,1,,
3325,651,2,2,120%,regular ice
3326,651,17,2,,
3327,651,18,2,,
3328,651,16,2,,
3329,652,2,2,25%,light ice
3330,652,6,2,0%,extra ice
3331,652,15,2,,
3332,652,17,2,,
3333,652,19,2,,
3334,653,6,2,50%,no ice
3335,653,17,2,,
3336,654,7,2,100%,light ice
3337,654,20,2,,
3338,654,15,2,,
3339,654,16,2,,
3340,654,4,2,100%,light ice
3341,654,18,2,,
3342,655,10,1,75%,no ice
3343,655,2,1,120%,no ice
3344,655,17,1,,
3345,655,14,1,,
3346,655,15,1,,
3347,656,1,1,75%,light ice
3348,656,16,1,,
3349,657,11,1,120%,regular ice
3350,657,3,1,50%,regular ice
3351,658,2,1,0%,no ice
3352,658,17,1,,
3353,658,8,2,0%,regular ice
3354,658,10,1,50%,light ice
3355,658,18,1,,
3356,658,16,1,,
3357,658,15,1,,
3358,659,12,2,100%,no ice
3359,659,19,2,,
3360,659,5,2,0%,extra ice
3361,659,19,2,,
3362,659,8,2,75%,regular ice
3363,659,19,2,,
3364,659,20,2,,
3365,660,7,2,25%,regular ice
3366,660,15,2,,
3367,660,8,1,25%,light ice
3368,661,10,1,0%,light ice
3369,661,15,1,,
3370,661,20,1,,
3371,661,14,1,,
3372,662,6,1,120%,regular ice
3373,662,17,1,,
3374,662,20,1,,
3375,662,14,1,,
3376,662,11,1,120%,regular ice
3377,662,19,1,,
3378,662,14,1,,
3379,662,16,1,,
3380,663,7,1,25%,regular ice
3381,664,5,2,75%,light ice
3382,664,19,2,,
3383,664,17,2,,
3384,664,16,2,,
3385,665,3,2,50%,extra ice
3386,665,14,2,,
3387,665,3,1,50%,extra ice
3388,665,16,1,,
3389,665,15,1,,
3390,665,14,1,,
3391,666,4,2,100%,extra ice
3392,666,19,2,,
3393,667,7,2,0%,no ice
3394,667,20,2,,
3395,667,18,2,,
3396,668,6,2,0%,no ice
3397,668,15,2,,
3398,668,3,2,50%,regular ice
3399,668,17,2,,
3400,669,1,2,75%,regular ice
3401,669,5,2,50%,no ice
3402,669,8,1,75%,extra ice
3403,669,20,1,,
3404,669,18,1,,
3405,670,8,1,50%,regular ice
3406,670,19,1,,
3407,671,5,1,75%,regular ice
3408,671,14,1,,
3409,671,4,2,75%,light ice
3410,671,7,2,0%,no ice
3411,671,14,2,,
3412,671,18,2,,
3413,671,16,2,,
3414,672,11,1,0%,extra ice
3415,672,20,1,,
3416,672,14,1,,
3417,672,4,1,75%,regular ice
3418,672,14,1,,
3419,672,11,2,75%,no ice
3420,672,17,2,,
3421,673,2,1,25%,regular ice
3422,673,19,1,,
3423,673,16,1,,
3424,674,3,1,75%,light ice
3425,674,14,1,,
3426,674,16,1,,
3427,674,5,1,100%,no ice
3428,674,20,1,,
3429,675,1,2,25%,no ice
3430,675,14,2,,
3431,676,6,1,0%,extra ice
3432,676,19,1,,
3433,676,18,1,,
3434,676,16,1,,
3435,676,2,2,50%,no ice
3436,676,17,2,,
3437,677,9,1,50%,no ice
3438,678,3,1,50%,light ice
3439,678,20,1,,
3440,678,19,1,,
3441,678,16,1,,
3442,679,6,1,75%,extra ice
3443,679,15,1,,
3444,679,20,1,,
3445,679,19,1,,
3446,680,11,1,75%,no ice
3447,680,18,1,,
3448,680,17,1,,
3449,680,19,1,,
3450,680,6,1,120%,regular ice
3451,680,1,1,75%,light ice
3452,680,14,1,,
3453,680,19,1,,
3454,681,11,1,50%,extra ice
3455,681,20,1,,
3456,681,17,1,,
3457,681,2,1,25%,no ice
3458,681,17,1,,
3459,682,9,1,100%,regular ice
3460,682,11,2,50%,light ice
3461,682,16,2,,
3462,682,14,2,,
3463,682,19,2,,
3464,683,5,2,120%,light ice
3465,683,15,2,,
3466,683,16,2,,
3467,683,19,2,,
3468,684,2,1,100%,regular ice
3469,684,16,1,,
3470,684,19,1,,
3471,684,20,1,,
3472,684,7,2,0%,no ice
3473,684,15,2,,
3474,684,19,2,,
3475,685,3,2,100%,no ice
3476,686,5,1,50%,regular ice
3477,686,18,1,,
3478,687,10,1,0%,light ice
3479,687,16,1,,
3480,687,18,1,,
3481,688,2,2,120%,regular ice
3482,688,7,2,0%,regular ice
3483,688,11,1,50%,regular ice
3484,688,14,1,,
3485,689,10,2,0%,no ice
3486,690,6,2,75%,no ice
3487,690,18,2,,
3488,690,9,2,25%,no ice
3489,690,15,2,,
3490,691,10,1,120%,no ice
3491,691,15,1,,
3492,691,19,1,,
3493,691,20,1,,
3494,691,3,2,120%,light ice
3495,691,11,1,100%,regular ice
3496,691,18,1,,
3497,691,15,1,,
3498,691,14,1,,
3499,692,4,1,100%,extra ice
3500,692,16,1,,
3501,692,15,1,,
3502,692,7,2,100%,extra ice
3503,692,15,2,,
3504,692,18,2,,
3505,693,12,2,75%,regular ice
3506,694,7,2,100%,light ice
3507,694,18,2,,
3508,695,11,1,100%,no ice
3509,695,19,1,,
3510,696,4,1,25%,no ice
3511,696,15,1,,
3512,696,20,1,,
3513,696,16,1,,
3514,697,10,1,0%,light ice
3515,698,2,2,50%,light ice
3516,698,15,2,,
3517,698,12,2,120%,no ice
3518,698,17,2,,
3519,698,20,2,,
3520,699,9,2,120%,regular ice
3521,699,20,2,,
3522,699,11,2,25%,light ice
3523,699,15,2,,
3524,699,19,2,,
3525,699,11,2,25%,extra ice
3526,699,17,2,,
3527,699,14,2,,
3528,700,1,1,75%,extra ice
3529,700,1,2,120%,extra ice
3530,700,17,2,,
3531,701,5,2,25%,regular ice
3532,701,17,2,,
3533,702,8,2,100%,no ice
3534,702,16,2,,
3535,702,19,2,,
3536,703,8,2,25%,regular ice
3537,703,16,2,,
3538,703,15,2,,
3539,703,17,2,,
3540,704,8,1,25%,no ice
3541,704,17,1,,
3542,704,15,1,,
3543,704,18,1,,
3544,705,11,2,25%,no ice
3545,705,18,2,,
3546,705,16,2,,
3547,705,12,2,0%,regular ice
3548,705,14,2,,
3549,705,20,2,,
3550,705,18,2,,
3551,705,2,2,25%,regular ice
3552,705,20,2,,
3553,706,9,2,100%,light ice
3554,706,3,2,0%,regular ice
3555,706,14,2,,
3556,706,17,2,,
3557,706,4,2,25%,no ice
3558,706,16,2,,
3559,706,19,2,,
3560,706,20,2,,
3561,707,4,2,120%,extra ice
3562,707,7,1,75%,light ice
3563,707,14,1,,
3564,707,16,1,,
3565,707,6,2,75%,light ice
3566,707,15,2,,
3567,707,17,2,,
3568,707,18,2,,
3569,708,12,1,0%,no ice
3570,708,17,1,,
3571,709,4,1,75%,extra ice
3572,710,9,1,75%,light ice
3573,710,15,1,,
3574,710,6,2,0%,no ice
3575,710,10,2,75%,no ice
3576,710,15,2,,
3577,710,14,2,,
3578,710,16,2,,
3579,711,10,2,0%,no ice
3580,711,14,2,,
3581,712,12,1,50%,light ice
3582,712,20,1,,
3583,712,15,1,,
3584,712,17,1,,
3585,712,6,1,0%,no ice
3586,712,14,1,,
3587,712,17,1,,
3588,713,6,1,50%,extra ice
3589,713,12,2,0%,no ice
3590,713,15,2,,
3591,713,3,1,25%,no ice
3592,713,20,1,,
3593,714,4,2,25%,regular ice
3594,715,8,1,25%,light ice
3595,715,12,2,120%,light ice
3596,715,20,2,,
3597,715,19,2,,
3598,715,7,1,25%,no ice
3599,715,17,1,,
3600,715,14,1,,
3601,715,15,1,,
3602,716,1,2,100%,light ice
3603,716,2,1,25%,light ice
3604,716,17,1,,
3605,717,7,2,25%,light ice
3606,717,17,2,,
3607,717,15,2,,
3608,718,9,2,120%,light ice
3609,718,15,2,,
3610,718,18,2,,
3611,718,17,2,,
3612,718,5,1,50%,regular ice
3613,718,4,2,75%,regular ice
3614,718,14,2,,
3615,718,18,2,,
3616,718,20,2,,
3617,719,3,1,0%,light ice
3618,719,17,1,,
3619,719,19,1,,
3620,719,18,1,,
3621,719,12,1,120%,light ice
3622,719,18,1,,
3623,719,4,1,25%,light ice
3624,720,9,2,100%,no ice
3625,721,5,1,50%,light ice
3626,721,7,1,75%,light ice
3627,721,19,1,,
3628,722,2,2,100%,light ice
3629,722,7,2,120%,no ice
3630,722,15,2,,
3631,722,19,2,,
3632,722,16,2,,
3633,722,6,1,0%,no ice
3634,723,12,1,0%,no ice
3635,723,15,1,,
3636,723,19,1,,
3637,723,11,1,100%,no ice
3638,723,17,1,,
3639,723,2,1,75%,regular ice
3640,724,3,2,50%,regular ice
3641,724,9,2,120%,regular ice
3642,724,15,2,,
3643,724,14,2,,
3644,724,9,2,25%,extra ice
3645,724,18,2,,
3646,724,14,2,,
3647,724,15,2,,
3648,725,5,2,100%,no ice
3649,725,17,2,,
3650,725,14,2,,
3651,725,18,2,,
3652,726,8,1,0%,no ice
3653,726,11,2,50%,light ice
3654,726,19,2,,
3655,726,16,2,,
3656,727,6,1,120%,regular ice
3657,727,17,1,,
3658,727,18,1,,
3659,727,14,1,,
3660,728,7,1,25%,regular ice
3661,728,16,1,,
3662,728,19,1,,
3663,729,6,2,50%,light ice
3664,730,12,1,0%,extra ice
3665,730,15,1,,
3666,730,20,1,,
3667,730,17,1,,
3668,730,10,2,100%,extra ice
3669,730,10,1,120%,light ice
3670,731,5,2,0%,no ice
3671,731,20,2,,
3672,731,18,2,,
3673,732,9,2,100%,no ice
3674,732,20,2,,
3675,732,19,2,,
3676,733,9,1,75%,extra ice
3677,733,17,1,,
3678,734,4,2,100%,no ice
3679,734,15,2,,
3680,734,20,2,,
3681,734,11,2,0%,light ice
3682,734,19,2,,
3683,734,15,2,,
3684,734,9,2,100%,regular ice
3685,734,15,2,,
3686,734,14,2,,
3687,735,7,2,120%,light ice
3688,735,15,2,,
3689,735,14,2,,
3690,735,16,2,,
3691,736,2,2,75%,no ice
3692,736,19,2,,
3693,736,17,2,,
3694,736,3,2,50%,regular ice
3695,737,7,2,25%,regular ice
3696,737,16,2,,
3697,738,12,2,0%,no ice
3698,738,16,2,,
3699,738,17,2,,
3700,738,20,2,,
3701,739,9,1,100%,no ice
3702,739,6,2,25%,light ice
3703,739,19,2,,
3704,739,15,2,,
3705,740,10,2,120%,no ice
3706,740,5,2,120%,no ice
3707,740,15,2,,
3708,741,4,2,50%,light ice
3709,741,19,2,,
3710,741,14,2,,
3711,742,12,1,25%,light ice
3712,742,2,2,120%,extra ice
3713,743,1,1,100%,light ice
3714,743,11,2,120%,light ice
3715,743,15,2,,
3716,743,7,1,120%,regular ice
3717,744,1,1,120%,no ice
3718,744,20,1,,
3719,744,16,1,,
3720,744,17,1,,
3721,744,2,1,75%,extra ice
3722,745,4,1,0%,no ice
3723,745,20,1,,
3724,745,17,1,,
3725,746,9,1,25%,no ice
3726,746,16,1,,
3727,746,17,1,,
3728,746,19,1,,
3729,747,12,2,50%,no ice
3730,747,10,2,120%,light ice
3731,747,18,2,,
3732,747,16,2,,
3733,748,1,1,0%,regular ice
3734,749,11,1,100%,regular ice
3735,749,15,1,,
3736,749,20,1,,
3737,749,7,2,100%,extra ice
3738,749,10,1,25%,extra ice
3739,749,20,1,,
3740,750,3,1,25%,light ice
3741,750,17,1,,
3742,750,5,2,50%,regular ice
3743,750,2,2,50%,no ice
3744,750,18,2,,
3745,751,7,2,120%,no ice
3746,751,6,2,25%,extra ice
3747,751,17,2,,
3748,751,19,2,,
3749,751,14,2,,
3750,751,9,1,120%,no ice
3751,751,17,1,,
3752,752,1,1,25%,no ice
3753,752,17,1,,
3754,752,20,1,,
3755,753,2,1,0%,extra ice
3756,753,14,1,,
3757,753,16,1,,
3758,753,15,1,,
3759,753,2,2,25%,light ice
3760,753,16,2,,
3761,753,14,2,,
3762,753,7,2,100%,light ice
3763,754,11,1,75%,extra ice
3764,754,18,1,,
3765,754,5,1,50%,no ice
3766,754,16,1,,
3767,755,1,1,100%,extra ice
3768,755,16,1,,
3769,755,15,1,,
3770,755,8,2,120%,light ice
3771,755,4,1,25%,regular ice
3772,756,11,1,50%,extra ice
3773,757,6,2,100%,no ice
3774,757,18,2,,
3775,757,15,2,,
3776,757,1,2,120%,extra ice
3777,757,17,2,,
3778,757,10,2,120%,extra ice
3779,757,20,2,,
3780,757,18,2,,
3781,758,10,1,100%,extra ice
3782,758,15,1,,
3783,758,18,1,,
3784,758,6,1,100%,extra ice
3785,758,16,1,,
3786,758,10,1,0%,regular ice
3787,758,18,1,,
3788,758,20,1,,
3789,759,3,1,25%,no ice
3790,759,16,1,,
3791,760,7,2,75%,no ice
3792,761,8,1,25%,extra ice
3793,761,20,1,,
3794,761,17,1,,
3795,761,14,1,,
3796,761,11,1,75%,light ice
3797,761,18,1,,
3798,761,19,1,,
3799,761,4,2,100%,light ice
3800,761,19,2,,
3801,761,15,2,,
3802,762,3,2,120%,no ice
3803,762,6,1,75%,no ice
3804,762,16,1,,
3805,762,14,1,,
3806,762,18,1,,
3807,762,3,1,75%,regular ice
3808,762,19,1,,
3809,762,16,1,,
3810,762,14,1,,
3811,763,7,2,100%,extra ice
3812,763,19,2,,
3813,763,14,2,,
3814,763,15,2,,
3815,763,1,2,100%,extra ice
3816,763,11,1,120%,light ice
3817,763,18,1,,
3818,763,16,1,,
3819,764,5,2,25%,regular ice
3820,764,15,2,,
3821,765,5,1,100%,regular ice
3822,765,3,1,75%,light ice
3823,765,11,2,100%,extra ice
3824,765,14,2,,
3825,765,20,2,,
3826,765,19,2,,
3827,766,9,1,25%,no ice
3828,766,20,1,,
3829,766,10,1,50%,no ice
3830,767,9,1,0%,regular ice
3831,767,19,1,,
3832,767,18,1,,
3833,767,2,1,120%,regular ice
3834,767,17,1,,
3835,767,15,1,,
3836,767,18,1,,
3837,768,10,1,75%,extra ice
3838,769,6,2,25%,regular ice
3839,769,8,2,75%,extra ice
3840,769,15,2,,
3841,769,14,2,,
3842,769,17,2,,
3843,769,3,2,120%,extra ice
3844,769,18,2,,
3845,770,6,2,0%,no ice
3846,770,17,2,,
3847,770,14,2,,
3848,770,15,2,,
3849,771,12,2,100%,no ice
3850,771,7,1,100%,regular ice
3851,771,15,1,,
3852,771,4,1,75%,light ice
3853,771,16,1,,
3854,772,12,2,25%,light ice
3855,772,14,2,,
3856,772,17,2,,
3857,772,18,2,,
3858,772,2,1,75%,no ice
3859,772,19,1,,
3860,773,2,1,100%,light ice
3861,773,14,1,,
3862,773,15,1,,
3863,773,17,1,,
3864,774,9,1,120%,regular ice
3865,774,17,1,,
3866,774,18,1,,
3867,774,19,1,,
3868,775,7,1,0%,light ice
3869,775,14,1,,
3870,775,19,1,,
3871,775,18,1,,
3872,775,5,1,50%,regular ice
3873,775,20,1,,
3874,776,6,2,0%,light ice
3875,776,18,2,,
3876,776,14,2,,
3877,776,2,2,75%,regular ice
3878,776,4,2,75%,light ice
3879,777,8,1,100%,no ice
3880,777,19,1,,
3881,777,17,1,,
3882,777,18,1,,
3883,777,3,1,25%,no ice
3884,777,19,1,,
3885,778,8,1,100%,light ice
3886,778,16,1,,
3887,779,7,2,25%,regular ice
3888,779,15,2,,
3889,779,17,2,,
3890,779,20,2,,
3891,779,9,1,25%,no ice
3892,779,17,1,,
3893,779,14,1,,
3894,779,6,1,25%,extra ice
3895,779,20,1,,
3896,779,19,1,,
3897,779,18,1,,
3898,780,12,2,120%,extra ice
3899,780,8,2,75%,no ice
3900,780,15,2,,
3901,780,17,2,,
3902,780,18,2,,
3903,780,3,1,0%,regular ice
3904,780,18,1,,
3905,780,15,1,,
3906,780,14,1,,
3907,781,3,2,25%,light ice
3908,781,19,2,,
3909,781,15,2,,
3910,781,2,1,75%,regular ice
3911,781,18,1,,
3912,781,17,1,,
3913,781,2,2,120%,regular ice
3914,781,19,2,,
3915,782,9,1,120%,light ice
3916,782,16,1,,
3917,783,7,2,75%,no ice
3918,783,17,2,,
3919,783,10,1,100%,regular ice
3920,783,15,1,,
3921,783,1,1,50%,no ice
3922,783,19,1,,
3923,783,18,1,,
3924,783,16,1,,
3925,784,5,2,120%,light ice
3926,784,20,2,,
3927,784,19,2,,
3928,784,10,1,100%,no ice
3929,784,16,1,,
3930,784,17,1,,
3931,784,11,1,100%,extra ice
3932,784,14,1,,
3933,784,16,1,,
3934,784,15,1,,
3935,785,9,2,75%,extra ice
3936,785,15,2,,
3937,785,18,2,,
3938,785,20,2,,
3939,786,10,2,75%,regular ice
3940,787,2,2,120%,extra ice
3941,787,17,2,,
3942,787,18,2,,
3943,787,15,2,,
3944,787,10,2,100%,extra ice
3945,787,20,2,,
3946,787,3,2,50%,light ice
3947,788,9,2,50%,no ice
3948,788,19,2,,
3949,788,11,1,25%,regular ice
3950,788,14,1,,
3951,788,19,1,,
3952,788,6,2,75%,extra ice
3953,788,18,2,,
3954,788,14,2,,
3955,788,19,2,,
3956,789,2,1,25%,regular ice
3957,789,20,1,,
3958,789,16,1,,
3959,789,5,2,50%,light ice
3960,789,18,2,,
3961,789,17,2,,
3962,789,15,2,,
3963,789,3,1,50%,regular ice
3964,789,19,1,,
3965,790,11,2,100%,regular ice
3966,790,20,2,,
3967,791,9,2,100%,no ice
3968,791,15,2,,
3969,791,16,2,,
3970,791,14,2,,
3971,792,11,2,50%,light ice
3972,792,15,2,,
3973,792,16,2,,
3974,792,17,2,,
3975,792,3,2,100%,light ice
3976,792,20,2,,
3977,792,12,2,25%,regular ice
3978,793,9,2,0%,extra ice
3979,793,14,2,,
3980,793,19,2,,
3981,794,9,2,50%,extra ice
3982,794,10,2,50%,extra ice
3983,794,15,2,,
3984,794,14,2,,
3985,795,5,1,120%,no ice
3986,796,10,1,75%,light ice
3987,796,18,1,,
3988,796,12,2,50%,light ice
3989,797,6,2,25%,extra ice
3990,798,5,2,75%,no ice
3991,798,15,2,,
3992,798,14,2,,
3993,798,4,2,120%,light ice
3994,798,20,2,,
3995,799,8,1,120%,no ice
3996,799,17,1,,
3997,799,16,1,,
3998,799,14,1,,
3999,799,1,1,100%,regular ice
4000,800,2,1,0%,regular ice
4001,800,17,1,,
4002,800,18,1,,
4003,800,19,1,,
4004,800,2,1,120%,extra ice
4005,800,20,1,,
4006,801,1,1,50%,regular ice
4007,801,20,1,,
4008,801,9,2,100%,regular ice
4009,801,15,2,,
4010,802,9,1,75%,extra ice
4011,802,20,1,,
4012,802,18,1,,
4013,802,9,2,75%,extra ice
4014,802,16,2,,
4015,802,15,2,,
4016,803,8,2,120%,regular ice
4017,803,18,2,,
4018,803,19,2,,
4019,804,12,2,100%,extra ice
4020,804,20,2,,
4021,804,19,2,,
4022,804,10,1,50%,light ice
4023,804,18,1,,
4024,804,14,1,,
4025,805,12,1,75%,regular ice
4026,805,20,1,,
4027,806,1,2,0%,light ice
4028,806,19,2,,
4029,806,15,2,,
4030,807,11,1,25%,no ice
4031,807,19,1,,
4032,807,2,1,50%,regular ice
4033,807,14,1,,
4034,807,6,1,50%,extra ice
4035,807,19,1,,
4036,808,7,1,100%,light ice
4037,808,16,1,,
4038,808,20,1,,
4039,808,9,2,100%,extra ice
4040,808,15,2,,
4041,808,17,2,,
4042,808,20,2,,
4043,808,7,2,75%,extra ice
4044,808,15,2,,
4045,808,19,2,,
4046,808,14,2,,
4047,809,6,2,100%,light ice
4048,809,15,2,,
4049,809,14,2,,
4050,810,4,1,25%,no ice
4051,810,20,1,,
4052,810,2,1,25%,light ice
4053,810,11,1,50%,no ice
4054,810,19,1,,
4055,810,14,1,,
4056,810,20,1,,
4057,811,4,2,75%,regular ice
4058,811,15,2,,
4059,811,12,2,100%,extra ice
4060,811,9,2,25%,extra ice
4061,812,8,2,25%,light ice
4062,812,17,2,,
4063,812,16,2,,
4064,812,19,2,,
4065,812,12,2,50%,regular ice
4066,812,17,2,,
4067,812,3,2,100%,no ice
4068,812,18,2,,
4069,813,9,2,120%,extra ice
4070,813,19,2,,
4071,814,7,2,0%,light ice
4072,815,8,2,25%,no ice
4073,815,15,2,,
4074,815,8,1,120%,light ice
4075,815,6,1,25%,light ice
4076,815,19,1,,
4077,816,3,2,0%,extra ice
4078,816,11,1,50%,light ice
4079,816,15,1,,
4080,817,11,1,50%,light ice
4081,817,18,1,,
4082,817,16,1,,
4083,817,5,2,75%,no ice
4084,817,19,2,,
4085,817,20,2,,
4086,817,17,2,,
4087,818,3,1,75%,regular ice
4088,819,6,2,50%,regular ice
4089,819,3,1,75%,extra ice
4090,819,18,1,,
4091,819,3,1,75%,no ice
4092,820,4,2,120%,extra ice
4093,820,4,1,75%,regular ice
4094,820,15,1,,
4095,821,1,1,120%,no ice
4096,821,17,1,,
4097,821,19,1,,
4098,822,1,1,100%,light ice
4099,822,1,2,50%,extra ice
4100,822,16,2,,
4101,822,19,2,,
4102,822,15,2,,
4103,822,12,2,120%,regular ice
4104,822,15,2,,
4105,823,9,1,75%,no ice
4106,823,14,1,,
4107,823,5,2,50%,light ice
4108,823,10,1,100%,regular ice
4109,823,14,1,,
4110,823,16,1,,
4111,823,15,1,,
4112,824,12,1,100%,no ice
4113,824,19,1,,
4114,825,3,1,120%,regular ice
4115,825,5,2,25%,extra ice
4116,825,14,2,,
4117,825,10,2,25%,no ice
4118,825,14,2,,
4119,825,15,2,,
4120,825,18,2,,
4121,826,2,1,100%,no ice
4122,826,14,1,,
4123,826,19,1,,
4124,826,15,1,,
4125,826,12,1,25%,no ice
4126,826,14,1,,
4127,827,12,2,75%,extra ice
4128,827,14,2,,
4129,827,2,1,100%,no ice
4130,827,7,1,75%,no ice
4131,827,14,1,,
4132,828,10,2,120%,no ice
4133,828,19,2,,
4134,829,11,1,120%,extra ice
4135,829,18,1,,
4136,829,12,1,120%,light ice
4137,829,18,1,,
4138,829,15,1,,
4139,830,7,1,50%,light ice
4140,830,17,1,,
4141,830,11,1,120%,regular ice
4142,830,20,1,,
4143,831,3,2,0%,no ice
4144,831,9,1,120%,extra ice
4145,831,20,1,,
4146,831,14,1,,
4147,832,11,1,50%,light ice
4148,832,17,1,,
4149,832,15,1,,
4150,832,1,2,100%,light ice
4151,832,19,2,,
4152,832,17,2,,
4153,832,2,1,120%,no ice
4154,832,15,1,,
4155,832,19,1,,
4156,833,8,1,0%,no ice
4157,833,14,1,,
4158,833,15,1,,
4159,833,16,1,,
4160,833,4,2,75%,regular ice
4161,833,17,2,,
4162,833,16,2,,
4163,833,3,2,25%,no ice
4164,834,3,2,0%,light ice
4165,834,7,1,0%,regular ice
4166,834,15,1,,
4167,834,18,1,,
4168,834,17,1,,
4169,834,5,1,0%,light ice
4170,834,19,1,,
4171,834,20,1,,
4172,834,14,1,,
4173,835,7,2,100%,no ice
4174,835,15,2,,
4175,835,3,2,50%,no ice
4176,835,16,2,,
4177,835,15,2,,
4178,836,11,1,120%,no ice
4179,836,14,1,,
4180,836,15,1,,
4181,836,1,2,0%,no ice
4182,836,17,2,,
4183,836,18,2,,
4184,836,20,2,,
4185,836,6,1,75%,regular ice
4186,836,17,1,,
4187,836,18,1,,
4188,837,6,2,50%,regular ice
4189,837,15,2,,
4190,837,5,1,75%,no ice
4191,837,17,1,,
4192,837,20,1,,
4193,837,1,1,0%,no ice
4194,838,2,1,0%,light ice
4195,838,18,1,,
4196,838,15,1,,
4197,838,14,1,,
4198,838,8,1,75%,regular ice
4199,838,15,1,,
4200,838,17,1,,
4201,838,18,1,,
4202,838,1,1,100%,no ice
4203,838,17,1,,
4204,838,14,1,,
4205,839,10,2,0%,no ice
4206,840,2,2,25%,no ice
4207,840,14,2,,
4208,840,15,2,,
4209,840,20,2,,
4210,840,8,2,120%,light ice
4211,841,5,2,50%,regular ice
4212,841,15,2,,
4213,841,17,2,,
4214,842,2,1,120%,light ice
4215,843,7,2,25%,regular ice
4216,843,17,2,,
4217,843,19,2,,
4218,843,20,2,,
4219,843,10,1,50%,extra ice
4220,843,14,1,,
4221,843,9,1,0%,regular ice
4222,843,18,1,,
4223,844,3,2,75%,regular ice
4224,844,17,2,,
4225,844,15,2,,
4226,844,14,2,,
4227,844,6,1,100%,no ice
4228,844,19,1,,
4229,845,1,2,0%,no ice
4230,845,17,2,,
4231,845,20,2,,
4232,845,14,2,,
4233,845,5,1,50%,no ice
4234,846,8,2,100%,extra ice
4235,847,1,1,0%,regular ice
4236,847,12,1,100%,regular ice
4237,847,15,1,,
4238,847,19,1,,
4239,848,2,1,50%,light ice
4240,848,18,1,,
4241,848,20,1,,
4242,848,9,2,0%,regular ice
4243,848,20,2,,
4244,848,18,2,,
4245,848,19,2,,
4246,848,8,1,120%,light ice
4247,848,17,1,,
4248,849,8,2,120%,no ice
4249,849,18,2,,
4250,849,20,2,,
4251,849,16,2,,
4252,849,2,1,75%,extra ice
4253,849,15,1,,
4254,849,8,2,50%,no ice
4255,849,18,2,,
4256,849,16,2,,
4257,849,15,2,,
4258,850,3,1,50%,extra ice
4259,850,19,1,,
4260,851,9,1,120%,regular ice
4261,851,20,1,,
4262,851,14,1,,
4263,851,19,1,,
4264,851,12,2,50%,light ice
4265,851,14,2,,
4266,851,4,2,75%,no ice
4267,851,14,2,,
4268,852,7,1,0%,light ice
4269,852,14,1,,
4270,852,18,1,,
4271,853,4,1,50%,extra ice
4272,854,8,1,0%,regular ice
4273,855,7,1,50%,regular ice
4274,855,20,1,,
4275,855,2,1,75%,regular ice
4276,855,18,1,,
4277,855,16,1,,
4278,855,17,1,,
4279,855,1,1,100%,light ice
4280,856,9,2,0%,extra ice
4281,856,17,2,,
4282,856,19,2,,
4283,856,2,2,25%,light ice
4284,857,10,1,75%,no ice
4285,857,18,1,,
4286,857,8,1,120%,regular ice
4287,857,18,1,,
4288,857,20,1,,
4289,857,15,1,,
4290,858,12,1,75%,extra ice
4291,858,14,1,,
4292,858,18,1,,
4293,858,6,2,25%,no ice
4294,859,7,2,0%,regular ice
4295,859,8,1,100%,light ice
4296,859,16,1,,
4297,859,19,1,,
4298,859,18,1,,
4299,859,9,2,25%,regular ice
4300,859,14,2,,
4301,859,17,2,,
4302,860,11,1,120%,extra ice
4303,860,19,1,,
4304,860,14,1,,
4305,860,10,2,75%,regular ice
4306,860,18,2,,
4307,860,15,2,,
4308,860,16,2,,
4309,860,10,2,75%,no ice
4310,860,18,2,,
4311,860,16,2,,
4312,860,15,2,,
4313,861,8,2,0%,light ice
4314,862,3,1,25%,regular ice
4315,862,16,1,,
4316,862,18,1,,
4317,862,19,1,,
4318,862,3,2,0%,light ice
4319,862,18,2,,
4320,862,19,2,,
4321,862,20,2,,
4322,863,10,1,0%,extra ice
4323,863,17,1,,
4324,863,20,1,,
4325,864,9,2,75%,no ice
4326,865,2,1,0%,regular ice
4327,865,20,1,,
4328,865,2,2,100%,light ice
4329,865,20,2,,
4330,865,4,1,120%,extra ice
4331,865,15,1,,
4332,866,12,2,75%,no ice
4333,866,15,2,,
4334,866,1,1,50%,regular ice
4335,866,16,1,,
4336,866,19,1,,
4337,866,14,1,,
4338,867,6,2,50%,regular ice
4339,867,16,2,,
4340,868,10,2,0%,extra ice
4341,869,12,1,50%,regular ice
4342,869,17,1,,
4343,869,14,1,,
4344,869,20,1,,
4345,870,8,1,120%,no ice
4346,870,18,1,,
4347,870,20,1,,
4348,870,10,1,100%,no ice
4349,870,17,1,,
4350,870,18,1,,
4351,870,15,1,,
4352,870,2,2,50%,no ice
4353,870,17,2,,
4354,870,18,2,,
4355,871,4,2,50%,light ice
4356,871,16,2,,
4357,871,18,2,,
4358,871,17,2,,
4359,872,11,2,100%,light ice
4360,872,16,2,,
4361,872,18,2,,
4362,872,17,2,,
4363,872,10,2,50%,no ice
4364,872,18,2,,
4365,872,16,2,,
4366,872,6,1,120%,no ice
4367,873,3,1,120%,light ice
4368,873,16,1,,
4369,873,15,1,,
4370,873,17,1,,
4371,873,12,1,0%,regular ice
4372,873,8,1,0%,extra ice
4373,873,20,1,,
4374,874,9,1,100%,extra ice
4375,874,16,1,,
4376,874,15,1,,
4377,874,17,1,,
4378,874,12,1,120%,light ice
4379,874,16,1,,
4380,874,20,1,,
4381,874,10,2,0%,extra ice
4382,875,1,1,100%,regular ice
4383,875,18,1,,
4384,875,20,1,,
4385,876,3,2,0%,regular ice
4386,876,19,2,,
4387,876,16,2,,
4388,876,18,2,,
4389,876,10,2,75%,extra ice
4390,876,14,2,,
4391,876,16,2,,
4392,876,17,2,,
4393,877,3,2,0%,regular ice
4394,877,20,2,,
4395,877,16,2,,
4396,877,17,2,,
4397,877,8,2,50%,no ice
4398,877,20,2,,
4399,877,16,2,,
4400,878,4,2,100%,no ice
4401,878,15,2,,
4402,879,5,1,75%,extra ice
4403,879,20,1,,
4404,879,7,1,50%,regular ice
4405,880,11,1,50%,regular ice
4406,880,1,1,120%,extra ice
4407,880,14,1,,
4408,881,3,2,50%,light ice
4409,881,17,2,,
4410,881,19,2,,
4411,881,20,2,,
4412,882,7,1,25%,regular ice
4413,882,14,1,,
4414,882,20,1,,
4415,882,19,1,,
4416,882,3,1,50%,no ice
4417,882,20,1,,
4418,882,18,1,,
4419,883,9,1,100%,extra ice
4420,883,9,2,0%,no ice
4421,883,17,2,,
4422,883,19,2,,
4423,883,20,2,,
4424,884,3,1,25%,no ice
4425,884,17,1,,
4426,884,14,1,,
4427,884,5,2,75%,light ice
4428,884,20,2,,
4429,884,15,2,,
4430,884,11,1,75%,no ice
4431,885,1,1,25%,regular ice
4432,885,16,1,,
4433,885,15,1,,
4434,885,17,1,,
4435,886,12,1,100%,extra ice
4436,886,18,1,,
4437,886,16,1,,
4438,886,15,1,,
4439,886,6,2,50%,light ice
4440,886,14,2,,
4441,887,9,2,120%,light ice
4442,887,16,2,,
4443,887,20,2,,
4444,887,1,2,0%,extra ice
4445,887,19,2,,
4446,887,16,2,,
4447,887,5,2,120%,extra ice
4448,887,20,2,,
4449,888,2,1,0%,light ice
4450,888,19,1,,
4451,889,5,1,100%,extra ice
4452,889,17,1,,
4453,889,20,1,,
4454,889,15,1,,
4455,889,4,1,120%,regular ice
4456,889,15,1,,
4457,889,14,1,,
4458,889,20,1,,
4459,890,9,1,75%,light ice
4460,890,16,1,,
4461,890,19,1,,
4462,890,14,1,,
4463,890,11,1,100%,no ice
4464,890,15,1,,
4465,890,14,1,,
4466,890,16,1,,
4467,890,6,1,120%,light ice
4468,890,18,1,,
4469,890,15,1,,
4470,890,16,1,,
4471,891,9,2,100%,light ice
4472,891,16,2,,
4473,891,4,1,50%,no ice
4474,891,9,2,0%,extra ice
4475,891,18,2,,
4476,891,16,2,,
4477,891,20,2,,
4478,892,7,2,50%,light ice
4479,892,16,2,,
4480,892,19,2,,
4481,893,5,1,50%,extra ice
4482,893,20,1,,
4483,893,9,2,50%,no ice
4484,893,17,2,,
4485,894,9,2,0%,no ice
4486,894,19,2,,
4487,894,10,2,0%,light ice
4488,894,20,2,,
4489,894,18,2,,
4490,894,12,1,75%,extra ice
4491,895,6,2,75%,light ice
4492,895,5,2,75%,light ice
4493,895,15,2,,
4494,895,14,2,,
4495,895,19,2,,
4496,896,10,2,100%,extra ice
4497,896,16,2,,
4498,896,3,2,25%,light ice
4499,896,18,2,,
4500,896,4,1,25%,no ice
4501,897,11,1,100%,extra ice
4502,897,20,1,,
4503,897,15,1,,
4504,897,18,1,,
4505,897,4,1,25%,no ice
4506,897,15,1,,
4507,897,2,1,0%,no ice
4508,897,15,1,,
4509,898,1,2,0%,no ice
4510,898,17,2,,
4511,898,20,2,,
4512,898,14,2,,
4513,899,1,2,100%,extra ice
4514,900,9,1,0%,regular ice
4515,900,17,1,,
4516,900,14,1,,
